,iso_code,country,Year,co2,consumption_co2,co2_growth_prct,co2_growth_abs,trade_co2,co2_per_capita,consumption_co2_per_capita,share_global_co2,cumulative_co2,share_global_cumulative_co2,co2_per_gdp,consumption_co2_per_gdp,co2_per_unit_energy,coal_co2,cement_co2,flaring_co2,gas_co2,oil_co2,other_industry_co2,cement_co2_per_capita,coal_co2_per_capita,flaring_co2_per_capita,gas_co2_per_capita,oil_co2_per_capita,other_co2_per_capita,trade_co2_share,share_global_cement_co2,share_global_coal_co2,share_global_flaring_co2,share_global_gas_co2,share_global_oil_co2,share_global_other_co2,cumulative_cement_co2,cumulative_coal_co2,cumulative_flaring_co2,cumulative_gas_co2,cumulative_oil_co2,cumulative_other_co2,share_global_cumulative_cement_co2,share_global_cumulative_coal_co2,share_global_cumulative_flaring_co2,share_global_cumulative_gas_co2,share_global_cumulative_oil_co2,share_global_cumulative_other_co2,total_ghg,ghg_per_capita,methane,methane_per_capita,nitrous_oxide,nitrous_oxide_per_capita,population,gdp,primary_energy_consumption,energy_per_capita,energy_per_gdp,Urban population (% of total population),Urban population,Urban population growth (annual %),"Population, total",Population growth (annual %),Poverty headcount ratio at $1.90 a day (2011 PPP) (% of population),"Prevalence of underweight, weight for age (% of children under 5)","Community health workers (per 1,000 people)","Mortality rate, under-5 (per 1,000 live births)","Primary completion rate, total (% of relevant age group)","School enrollment, primary and secondary (gross), gender parity index (GPI)","Agriculture, forestry, and fishing, value added (% of GDP)",CPIA public sector management and institutions cluster average (1=low to 6=high),Ease of doing business rank (1=most business-friendly regulations),Terrestrial and marine protected areas (% of total territorial area),Marine protected areas (% of territorial waters),Terrestrial protected areas (% of total land area),"Annual freshwater withdrawals, total (% of internal resources)","Annual freshwater withdrawals, total (billion cubic meters)",Population in urban agglomerations of more than 1 million (% of total population),Population living in areas where elevation is below 5 meters (% of total population),Urban population living in areas where elevation is below 5 meters (% of total population),Rural population living in areas where elevation is below 5 meters (% of total population),"Droughts, floods, extreme temperatures (% of population, average 1990-2009)",GHG net emissions/removals by LUCF (Mt of CO2 equivalent),Disaster risk reduction progress score (1-5 scale; 5=best),SF6 gas emissions (thousand metric tons of CO2 equivalent),PFC gas emissions (thousand metric tons of CO2 equivalent),Nitrous oxide emissions (% change from 1990),Nitrous oxide emissions (thousand metric tons of CO2 equivalent),Methane emissions (% change from 1990),Methane emissions (kt of CO2 equivalent),HFC gas emissions (thousand metric tons of CO2 equivalent),Total greenhouse gas emissions (% change from 1990),Total greenhouse gas emissions (kt of CO2 equivalent),Other greenhouse gas emissions (% change from 1990),"Other greenhouse gas emissions, HFC, PFC and SF6 (thousand metric tons of CO2 equivalent)",CO2 emissions from solid fuel consumption (% of total),CO2 emissions from solid fuel consumption (kt),CO2 emissions (kg per 2017 PPP $ of GDP),CO2 emissions (kg per PPP $ of GDP),CO2 emissions (metric tons per capita),CO2 emissions from liquid fuel consumption (% of total),CO2 emissions from liquid fuel consumption (kt),CO2 emissions (kt),CO2 emissions (kg per 2015 US$ of GDP),CO2 emissions from gaseous fuel consumption (% of total),CO2 emissions from gaseous fuel consumption (kt),CO2 intensity (kg per kg of oil equivalent energy use),Energy use (kg of oil equivalent per capita),Electric power consumption (kWh per capita),"Energy use (kg of oil equivalent) per $1,000 GDP (constant 2017 PPP)",Renewable energy consumption (% of total final energy consumption),"Electricity production from renewable sources, excluding hydroelectric (% of total)","Electricity production from renewable sources, excluding hydroelectric (kWh)",Renewable electricity output (% of total electricity output),Electricity production from oil sources (% of total),Electricity production from nuclear sources (% of total),Electricity production from natural gas sources (% of total),Electricity production from hydroelectric sources (% of total),Electricity production from coal sources (% of total),Access to electricity (% of population),"Foreign direct investment, net inflows (% of GDP)",Cereal yield (kg per hectare),Average precipitation in depth (mm per year),Agricultural irrigated land (% of total agricultural land),Forest area (% of land area),Forest area (sq. km),Land area where elevation is below 5 meters (% of total land area),Urban land area where elevation is below 5 meters (% of total land area),Urban land area where elevation is below 5 meters (sq. km),Rural land area where elevation is below 5 meters (% of total land area),Rural land area where elevation is below 5 meters (sq. km),Arable land (% of land area),Agricultural land (% of land area),Agricultural land (sq. km)
0,CHN,China,1899,0.095,,,,,0.0,,0.01,0.095,0.0,,,,0.095,,,,,,,0.0,,,,,,,0.01,,,,,,0.095,,,,,,0.0,,,,,,,,,,,399421783.0,,,,,,,,,,,,,,,,,,,,,,,,,,,,,,,,,,,,,,,,,,,,,,,,,,,,,,,,,,,,,,,,,,,,,,,,,,,,,,,,
1,CHN,China,1900,,,0.0,,,,,,,,,,,,,,,,,,,,,,,,,,,,,,,,,,,,,,,,,,,,,,,,401579661.0,388800000000.0,,,,,,,,,,,,,,,,,,,,,,,,,,,,,,,,,,,,,,,,,,,,,,,,,,,,,,,,,,,,,,,,,,,,,,,,,,,,,,,
2,CHN,China,1901,,,0.0,,,,,,,,,,,,,,,,,,,,,,,,,,,,,,,,,,,,,,,,,,,,,,,,403786465.0,,,,,,,,,,,,,,,,,,,,,,,,,,,,,,,,,,,,,,,,,,,,,,,,,,,,,,,,,,,,,,,,,,,,,,,,,,,,,,,,
3,CHN,China,1902,0.095,,0.0,,,0.0,,0.0,0.191,0.0,,,,0.095,,,,,,,0.0,,,,,,,0.0,,,,,,0.191,,,,,,0.0,,,,,,,,,,,406042669.0,,,,,,,,,,,,,,,,,,,,,,,,,,,,,,,,,,,,,,,,,,,,,,,,,,,,,,,,,,,,,,,,,,,,,,,,,,,,,,,,
4,CHN,China,1903,1.964,,1961.54,1.869,,0.005,,0.09,2.154,0.0,,,,1.964,,,,,,,0.005,,,,,,,0.09,,,,,,2.154,,,,,,0.0,,,,,,,,,,,408348748.0,,,,,,,,,,,,,,,,,,,,,,,,,,,,,,,,,,,,,,,,,,,,,,,,,,,,,,,,,,,,,,,,,,,,,,,,,,,,,,,,
5,CHN,China,1904,2.088,,6.34,0.125,,0.005,,0.09,4.243,0.01,,,,2.088,,,,,,,0.005,,,,,,,0.1,,,,,,4.243,,,,,,0.01,,,,,,,,,,,410667922.0,,,,,,,,,,,,,,,,,,,,,,,,,,,,,,,,,,,,,,,,,,,,,,,,,,,,,,,,,,,,,,,,,,,,,,,,,,,,,,,,
6,CHN,China,1905,2.297,,10.0,0.209,,0.006,,0.09,6.54,0.01,,,,2.297,,,,,,,0.006,,,,,,,0.1,,,,,,6.54,,,,,,0.01,,,,,,,,,,,413000265.0,,,,,,,,,,,,,,,,,,,,,,,,,,,,,,,,,,,,,,,,,,,,,,,,,,,,,,,,,,,,,,,,,,,,,,,,,,,,,,,,
7,CHN,China,1906,17.111,,644.82,14.814,,0.041,,0.67,23.651,0.04,,,,17.111,,,,,,,0.041,,,,,,,0.7,,,,,,23.651,,,,,,0.04,,,,,,,,,,,415345852.0,,,,,,,,,,,,,,,,,,,,,,,,,,,,,,,,,,,,,,,,,,,,,,,,,,,,,,,,,,,,,,,,,,,,,,,,,,,,,,,,
8,CHN,China,1907,16.84,,-1.58,-0.271,,0.04,,0.58,40.491,0.07,,,,16.84,,,,,,,0.04,,,,,,,0.61,,,,,,40.491,,,,,,0.07,,,,,,,,,,,417704759.0,,,,,,,,,,,,,,,,,,,,,,,,,,,,,,,,,,,,,,,,,,,,,,,,,,,,,,,,,,,,,,,,,,,,,,,,,,,,,,,,
9,CHN,China,1908,22.731,,34.99,5.892,,0.054,,0.82,63.222,0.1,,,,22.731,,,,,,,0.054,,,,,,,0.87,,,,,,63.222,,,,,,0.1,,,,,,,,,,,420077060.0,,,,,,,,,,,,,,,,,,,,,,,,,,,,,,,,,,,,,,,,,,,,,,,,,,,,,,,,,,,,,,,,,,,,,,,,,,,,,,,,
10,CHN,China,1909,20.837,,-8.33,-1.894,,0.049,,0.72,84.059,0.13,,,,20.837,,,,,,,0.049,,,,,,,0.76,,,,,,84.059,,,,,,0.13,,,,,,,,,,,422922872.0,,,,,,,,,,,,,,,,,,,,,,,,,,,,,,,,,,,,,,,,,,,,,,,,,,,,,,,,,,,,,,,,,,,,,,,,,,,,,,,,
11,CHN,China,1910,18.749,,-10.02,-2.088,,0.044,,0.62,102.808,0.15,,,,18.749,,,,,,,0.044,,,,,,,0.66,,,,,,102.808,,,,,,0.15,,,,,,,,,,,426250021.0,,,,,,,,,,,,,,,,,,,,,,,,,,,,,,,,,,,,,,,,,,,,,,,,,,,,,,,,,,,,,,,,,,,,,,,,,,,,,,,,
12,CHN,China,1911,27.846,,48.52,9.098,,0.065,,0.9,130.655,0.18,0.072,,,27.846,,,,,,,0.065,,,,,,,0.96,,,,,,130.655,,,,,,0.18,,,,,,,,,,,430066435.0,387034110000.0,,,,,,,,,,,,,,,,,,,,,,,,,,,,,,,,,,,,,,,,,,,,,,,,,,,,,,,,,,,,,,,,,,,,,,,,,,,,,,,
13,CHN,China,1912,9.787,,-64.86,-18.06,,0.022,,0.3,140.441,0.18,,,,9.787,,,,,,,0.022,,,,,,,0.32,,,,,,140.441,,,,,,0.19,,,,,,,,,,,434380144.0,,,,,,,,,,,,,,,,,,,,,,,,,,,,,,,,,,,,,,,,,,,,,,,,,,,,,,,,,,,,,,,,,,,,,,,,,,,,,,,,
14,CHN,China,1913,10.758,,9.92,0.971,,0.024,,0.31,151.199,0.19,0.025,,,10.758,,,,,,,0.024,,,,,,,0.33,,,,,,151.199,,,,,,0.2,,,,,,,,,,,439199283.0,430582900000.0,,,,,,,,,,,,,,,,,,,,,,,,,,,,,,,,,,,,,,,,,,,,,,,,,,,,,,,,,,,,,,,,,,,,,,,,,,,,,,,
15,CHN,China,1914,15.107,,40.43,4.349,,0.034,,0.48,166.305,0.2,,,,15.107,,,,,,,0.034,,,,,,,0.51,,,,,,166.305,,,,,,0.21,,,,,,,,,,,444071884.0,,,,,,,,,,,,,,,,,,,,,,,,,,,,,,,,,,,,,,,,,,,,,,,,,,,,,,,,,,,,,,,,,,,,,,,,,,,,,,,,
16,CHN,China,1915,16.089,,6.5,0.982,,0.036,,0.51,182.394,0.21,,,,16.089,,,,,,,0.036,,,,,,,0.56,,,,,,182.394,,,,,,0.22,,,,,,,,,,,448998541.0,,,,,,,,,,,,,,,,,,,,,,,,,,,,,,,,,,,,,,,,,,,,,,,,,,,,,,,,,,,,,,,,,,,,,,,,,,,,,,,,
17,CHN,China,1916,17.965,,11.66,1.876,,0.04,,0.53,200.359,0.22,,,,17.965,,,,,,,0.04,,,,,,,0.58,,,,,,200.359,,,,,,0.23,,,,,,,,,,,453979853.0,,,,,,,,,,,,,,,,,,,,,,,,,,,,,,,,,,,,,,,,,,,,,,,,,,,,,,,,,,,,,,,,,,,,,,,,,,,,,,,,
18,CHN,China,1917,19.852,,10.5,1.887,,0.043,,0.56,220.21,0.24,,,,19.852,,,,,,,0.043,,,,,,,0.61,,,,,,220.21,,,,,,0.25,,,,,,,,,,,459016426.0,,,,,,,,,,,,,,,,,,,,,,,,,,,,,,,,,,,,,,,,,,,,,,,,,,,,,,,,,,,,,,,,,,,,,,,,,,,,,,,,
19,CHN,China,1918,21.042,,6.0,1.191,,0.045,,0.6,241.252,0.25,,,,21.042,,,,,,,0.045,,,,,,,0.66,,,,,,241.252,,,,,,0.26,,,,,,,,,,,464075232.0,,,,,,,,,,,,,,,,,,,,,,,,,,,,,,,,,,,,,,,,,,,,,,,,,,,,,,,,,,,,,,,,,,,,,,,,,,,,,,,,
20,CHN,China,1919,24.256,,15.27,3.213,,0.052,,0.8,265.508,0.27,,,,24.256,,,,,,,0.052,,,,,,,0.9,,,,,,265.508,,,,,,0.28,,,,,,,,,,,468480579.0,,,,,,,,,,,,,,,,,,,,,,,,,,,,,,,,,,,,,,,,,,,,,,,,,,,,,,,,,,,,,,,,,,,,,,,,,,,,,,,,
21,CHN,China,1920,26.769,,10.36,2.514,,0.057,,0.76,292.277,0.28,,,,26.769,,,,,,,0.057,,,,,,,0.86,,,,,,292.277,,,,,,0.3,,,,,,,,,,,472222750.0,,,,,,,,,,,,,,,,,,,,,,,,,,,,,,,,,,,,,,,,,,,,,,,,,,,,,,,,,,,,,,,,,,,,,,,,,,,,,,,,
22,CHN,China,1921,25.289,,-5.53,-1.48,,0.053,,0.82,317.566,0.3,,,,25.289,,,,,,,0.053,,,,,,,0.95,,,,,,317.566,,,,,,0.31,,,,,,,,,,,475291915.0,,,,,,,,,,,,,,,,,,,,,,,,,,,,,,,,,,,,,,,,,,,,,,,,,,,,,,,,,,,,,,,,,,,,,,,,,,,,,,,,
23,CHN,China,1922,26.634,,5.32,1.345,,0.056,,0.83,344.2,0.31,,,,26.634,,,,,,,0.056,,,,,,,0.97,,,,,,344.2,,,,,,0.33,,,,,,,,,,,477678125.0,,,,,,,,,,,,,,,,,,,,,,,,,,,,,,,,,,,,,,,,,,,,,,,,,,,,,,,,,,,,,,,,,,,,,,,,,,,,,,,,
24,CHN,China,1923,32.152,,20.72,5.518,,0.067,,0.88,376.351,0.33,,,,32.152,,,,,,,0.067,,,,,,,1.03,,,,,,376.351,,,,,,0.35,,,,,,,,,,,479371311.0,,,,,,,,,,,,,,,,,,,,,,,,,,,,,,,,,,,,,,,,,,,,,,,,,,,,,,,,,,,,,,,,,,,,,,,,,,,,,,,,
25,CHN,China,1924,35.094,,9.15,2.942,,0.073,,0.96,411.445,0.35,,,,35.094,,,,,,,0.073,,,,,,,1.12,,,,,,411.445,,,,,,0.37,,,,,,,,,,,481070499.0,,,,,,,,,,,,,,,,,,,,,,,,,,,,,,,,,,,,,,,,,,,,,,,,,,,,,,,,,,,,,,,,,,,,,,,,,,,,,,,,
26,CHN,China,1925,33.221,,-5.34,-1.872,,0.069,,0.89,444.667,0.37,,,,33.221,,,,,,,0.069,,,,,,,1.06,,,,,,444.667,,,,,,0.39,,,,,,,,,,,482775710.0,,,,,,,,,,,,,,,,,,,,,,,,,,,,,,,,,,,,,,,,,,,,,,,,,,,,,,,,,,,,,,,,,,,,,,,,,,,,,,,,
27,CHN,China,1926,29.59,,-10.93,-3.631,,0.061,,0.81,474.257,0.38,,,,29.583,,,,0.007,,,0.061,,,0.0,,,,0.96,,,0.0,,,474.25,,,0.007,,,0.41,,,0.0,,,,,,,,484486965.0,,,,,,,,,,,,,,,,,,,,,,,,,,,,,,,,,,,,,,,,,,,,,,,,,,,,,,,,,,,,,,,,,,,,,,,,,,,,,,,,
28,CHN,China,1927,33.526,,13.3,3.935,,0.069,,0.84,507.783,0.4,,,,33.515,,,,0.011,,,0.069,,,0.0,,,,1.0,,,0.0,,,507.764,,,0.018,,,0.43,,,0.0,,,,,,,,486204286.0,,,,,,,,,,,,,,,,,,,,,,,,,,,,,,,,,,,,,,,,,,,,,,,,,,,,,,,,,,,,,,,,,,,,,,,,,,,,,,,,
29,CHN,China,1928,34.108,,1.74,0.582,,0.07,,0.86,541.89,0.41,,,,34.057,0.04,,,0.011,,0.0,0.07,,,0.0,,,0.11,1.03,,,0.0,,0.04,541.821,,,0.029,,0.05,0.44,,,0.0,,,,,,,,487927695.0,,,,,,,,,,,,,,,,,,,,,,,,,,,,,,,,,,,,,,,,,,,,,,,,,,,,,,,,,,,,,,,,,,,,,,,,,,,,,,,,
30,CHN,China,1929,35.804,,4.97,1.697,,0.073,,0.84,577.695,0.42,0.073,,,35.717,0.077,,,0.011,,0.0,0.073,,,0.0,,,0.21,1.02,,,0.0,,0.116,577.538,,,0.04,,0.1,0.46,,,0.0,,,,,,,,489891377.0,488734819000.0,,,,,,,,,,,,,,,,,,,,,,,,,,,,,,,,,,,,,,,,,,,,,,,,,,,,,,,,,,,,,,,,,,,,,,,,,,,,,,,
31,CHN,China,1930,37.908,,5.88,2.104,,0.077,,0.97,615.603,0.44,0.077,,,37.681,0.073,,,0.154,,0.0,0.077,,,0.0,,,0.21,1.18,,,0.03,,0.19,615.219,,,0.194,,0.12,0.48,,,0.0,,,,,,,,492097572.0,494868000000.0,,,,,,,,,,,,,,,,,,,,,,,,,,,,,,,,,,,,,,,,,,,,,,,,,,,,,,,,,,,,,,,,,,,,,,,,,,,,,,,
32,CHN,China,1931,40.241,,6.15,2.333,,0.081,,1.15,655.843,0.46,0.08,,,39.956,0.098,,,0.187,,0.0,0.081,,,0.0,,,0.32,1.42,,,0.03,,0.288,655.175,,,0.381,,0.15,0.5,,,0.0,,,,,,,,494548536.0,500029600000.0,,,,,,,,,,,,,,,,,,,,,,,,,,,,,,,,,,,,,,,,,,,,,,,,,,,,,,,,,,,,,,,,,,,,,,,,,,,,,,,
33,CHN,China,1932,38.585,,-4.12,-1.656,,0.078,,1.22,694.428,0.47,0.075,,,38.289,0.08,,,0.216,,0.0,0.077,,,0.0,,,0.32,1.53,,,0.04,,0.367,693.463,,,0.597,,0.17,0.51,,,0.01,,,,,,,,497246541.0,515662973000.0,,,,,,,,,,,,,,,,,,,,,,,,,,,,,,,,,,,,,,,,,,,,,,,,,,,,,,,,,,,,,,,,,,,,,,,,,,,,,,,
34,CHN,China,1933,42.194,,9.36,3.61,,0.084,,1.27,736.622,0.49,0.091,,,41.814,0.113,,,0.267,,0.0,0.084,,,0.0,,,0.48,1.59,,,0.05,,0.48,735.277,,,0.865,,0.21,0.54,,,0.01,,,,,,,,500193876.0,461500000000.0,,,,,,,,,,,,,,,,,,,,,,,,,,,,,,,,,,,,,,,,,,,,,,,,,,,,,,,,,,,,,,,,,,,,,,,,,,,,,,,
35,CHN,China,1934,49.254,,16.73,7.06,,0.098,,1.36,785.876,0.51,0.105,,,48.874,0.098,,,0.282,,0.0,0.097,,,0.001,,,0.34,1.71,,,0.05,,0.578,784.151,,,1.147,,0.22,0.56,,,0.01,,,,,,,,503158681.0,470972743000.0,,,,,,,,,,,,,,,,,,,,,,,,,,,,,,,,,,,,,,,,,,,,,,,,,,,,,,,,,,,,,,,,,,,,,,,,,,,,,,,
36,CHN,China,1935,57.597,,16.94,8.342,,0.114,,1.52,843.473,0.54,0.113,,,57.008,0.156,,,0.432,,0.0,0.113,,,0.001,,,0.49,1.91,,,0.06,,0.735,841.159,,,1.579,,0.25,0.59,,,0.01,,,,,,,,506141059.0,508829044000.0,,,,,,,,,,,,,,,,,,,,,,,,,,,,,,,,,,,,,,,,,,,,,,,,,,,,,,,,,,,,,,,,,,,,,,,,,,,,,,,
37,CHN,China,1936,64.955,,12.78,7.359,,0.128,,1.56,908.428,0.56,0.12,,,64.017,0.428,,,0.509,,0.001,0.126,,,0.001,,,1.11,1.96,,,0.07,,1.163,905.177,,,2.088,,0.35,0.62,,,0.02,,,,,,,,509141114.0,540976335000.0,,,,,,,,,,,,,,,,,,,,,,,,,,,,,,,,,,,,,,,,,,,,,,,,,,,,,,,,,,,,,,,,,,,,,,,,,,,,,,,
38,CHN,China,1937,60.491,,-6.87,-4.465,,0.118,,1.36,968.919,0.58,0.115,,,59.459,0.438,,,0.594,,0.001,0.116,,,0.001,,,1.07,1.72,,,0.07,,1.601,964.636,,,2.682,,0.43,0.64,,,0.02,,,,,,,,512158952.0,528001760000.0,,,,,,,,,,,,,,,,,,,,,,,,,,,,,,,,,,,,,,,,,,,,,,,,,,,,,,,,,,,,,,,,,,,,,,,,,,,,,,,
39,CHN,China,1938,55.303,,-8.58,-5.188,,0.107,,1.32,1024.221,0.6,0.107,,,54.458,0.009,,,0.835,,0.0,0.106,,,0.002,,,0.02,1.69,,,0.1,,1.61,1019.094,,,3.517,,0.39,0.67,,,0.02,,,,,,,,515194677.0,514876008000.0,,,,,,,,,,,,,,,,,,,,,,,,,,,,,,,,,,,,,,,,,,,,,,,,,,,,,,,,,,,,,,,,,,,,,,,,,,,,,,,
40,CHN,China,1939,67.113,,21.36,11.811,,0.13,,1.51,1091.335,0.62,,,,65.71,0.223,,,1.18,,0.0,0.127,,,0.002,,,0.63,1.92,,,0.14,,1.833,1084.804,,,4.697,,0.41,0.69,,,0.03,,,,,,,,518180790.0,,,,,,,,,,,,,,,,,,,,,,,,,,,,,,,,,,,,,,,,,,,,,,,,,,,,,,,,,,,,,,,,,,,,,,,,,,,,,,,,
41,CHN,China,1940,86.047,,28.21,18.933,,0.165,,1.77,1177.381,0.66,,,,83.979,0.272,,,1.795,,0.0,0.161,,,0.003,,,0.87,2.22,,,0.21,,2.106,1168.783,,,6.493,,0.44,0.73,,,0.04,,,,,,,,521116640.0,,,,,,,,,,,,,,,,,,,,,,,,,,,,,,,,,,,,,,,,,,,,,,,,,,,,,,,,,,,,,,,,,,,,,,,,,,,,,,,,
42,CHN,China,1941,107.518,,24.95,21.471,,0.205,,2.17,1284.899,0.7,,,,104.988,0.496,,,2.034,,0.001,0.2,,,0.004,,,1.15,2.71,,,0.23,,2.601,1273.771,,,8.526,,0.5,0.78,,,0.05,,,,,,,,524001569.0,,,,,,,,,,,,,,,,,,,,,,,,,,,,,,,,,,,,,,,,,,,,,,,,,,,,,,,,,,,,,,,,,,,,,,,,,,,,,,,,
43,CHN,China,1942,113.741,,5.79,6.223,,0.216,,2.3,1398.639,0.74,,,,110.58,0.655,,,2.506,,0.001,0.21,,,0.005,,,1.71,2.84,,,0.3,,3.256,1384.351,,,11.032,,0.58,0.82,,,0.06,,,,,,,,526834916.0,,,,,,,,,,,,,,,,,,,,,,,,,,,,,,,,,,,,,,,,,,,,,,,,,,,,,,,,,,,,,,,,,,,,,,,,,,,,,,,,
44,CHN,China,1943,97.179,,-14.56,-16.562,,0.184,,1.93,1495.818,0.77,,,,95.586,0.64,,,0.953,,0.001,0.18,,,0.002,,,1.84,2.44,,,0.11,,3.896,1479.937,,,11.985,,0.65,0.86,,,0.06,,,,,,,,529616012.0,,,,,,,,,,,,,,,,,,,,,,,,,,,,,,,,,,,,,,,,,,,,,,,,,,,,,,,,,,,,,,,,,,,,,,,,,,,,,,,,
45,CHN,China,1944,97.769,,0.61,0.59,,0.184,,1.91,1593.587,0.8,,,,96.664,0.49,,,0.616,,0.001,0.182,,,0.001,,,2.17,2.5,,,0.06,,4.386,1576.601,,,12.6,,0.71,0.9,,,0.06,,,,,,,,532411789.0,,,,,,,,,,,,,,,,,,,,,,,,,,,,,,,,,,,,,,,,,,,,,,,,,,,,,,,,,,,,,,,,,,,,,,,,,,,,,,,,
46,CHN,China,1945,50.347,,-48.5,-47.422,,0.094,,1.19,1643.934,0.81,,,,49.79,0.018,,,0.539,,0.0,0.093,,,0.001,,,0.08,1.66,,,0.05,,4.404,1626.391,,,13.139,,0.69,0.91,,,0.06,,,,,,,,535222325.0,,,,,,,,,,,,,,,,,,,,,,,,,,,,,,,,,,,,,,,,,,,,,,,,,,,,,,,,,,,,,,,,,,,,,,,,,,,,,,,,
47,CHN,China,1946,31.259,,-37.91,-19.088,,0.058,,0.67,1675.193,0.8,,,,30.957,0.086,,,0.216,,0.0,0.058,,,0.0,,,0.24,0.96,,,0.02,,4.49,1657.348,,,13.355,,0.66,0.91,,,0.06,,,,,,,,538047697.0,,,,,,,,,,,,,,,,,,,,,,,,,,,,,,,,,,,,,,,,,,,,,,,,,,,,,,,,,,,,,,,,,,,,,,,,,,,,,,,,
48,CHN,China,1947,33.553,,7.34,2.294,,0.062,,0.65,1708.747,0.8,,,,33.218,0.174,,,0.161,,0.0,0.061,,,0.0,,,0.4,0.92,,,0.01,,4.664,1690.566,,,13.516,,0.65,0.91,,,0.06,,,,,,,,540887984.0,,,,,,,,,,,,,,,,,,,,,,,,,,,,,,,,,,,,,,,,,,,,,,,,,,,,,,,,,,,,,,,,,,,,,,,,,,,,,,,,
49,CHN,China,1948,23.836,,-28.96,-9.717,,0.044,,0.44,1732.583,0.79,,,,23.53,0.083,,,0.224,,0.0,0.043,,,0.0,,,0.16,0.63,,,0.02,,4.747,1714.096,,,13.74,,0.61,0.9,,,0.06,,,,,,,,543743264.0,,,,,,,,,,,,,,,,,,,,,,,,,,,,,,,,,,,,,,,,,,,,,,,,,,,,,,,,,,,,,,,,,,,,,,,,,,,,,,,,
50,CHN,China,1949,59.36,,149.03,35.524,,0.108,,1.13,1791.943,0.8,,,,58.723,0.275,,,0.363,,0.0,0.107,,,0.001,,,0.47,1.66,,,0.03,,5.021,1772.819,,,14.103,,0.6,0.92,,,0.05,,,,,,,,548239920.0,,,,,,,,,,,,,,,,,,,,,,,,,,,,,,,,,,,,,,,,,,,,,,,,,,,,,,,,,,,,,,,,,,,,,,,,,,,,,,,,
51,CHN,China,1950,78.835,,32.81,19.475,,0.142,,1.31,1870.779,0.81,0.18,,,77.615,0.587,,0.015,0.619,,0.001,0.14,,0.0,0.001,,,0.88,2.01,,0.0,0.04,,5.608,1850.434,,0.015,14.722,,0.62,0.94,,0.0,0.05,,,,,,,,554419269.0,436905185000.0,,,,,,,,,,,,,,,,,,,,,,,,,,,,,,,,,,,,,,,,,,,,,,,,,,,,,,,,,,,,,,,,,,,,,,,,,,,,,,,
52,CHN,China,1951,102.115,,29.53,23.28,,0.179,,1.6,1972.894,0.83,0.193,,,100.133,1.036,,0.007,0.938,,0.002,0.176,,0.0,0.002,,,1.37,2.47,,0.0,0.05,,6.645,1950.567,,0.022,15.66,,0.68,0.97,,0.0,0.05,,,,,,,,569909108.0,529606000000.0,,,,,,,,,,,,,,,,,,,,,,,,,,,,,,,,,,,,,,,,,,,,,,,,,,,,,,,,,,,,,,,,,,,,,,,,,,,,,,,
53,CHN,China,1952,127.999,,25.35,25.884,,0.22,,1.98,2100.893,0.86,0.215,,,125.444,1.203,,0.015,1.337,,0.002,0.215,,0.0,0.002,,,1.49,3.13,,0.0,0.07,,7.848,2076.011,,0.037,16.997,,0.74,1.01,,0.0,0.05,,,,,,,,582576497.0,595648770000.0,,,,,,,,,,,,,,,,,,,,,,,,,,,,,,,,,,,,,,,,,,,,,,,,,,,,,,,,,,,,,,,,,,,,,,,,,,,,,,,
54,CHN,China,1953,133.783,,4.52,5.784,,0.226,,2.01,2234.676,0.89,0.199,,,130.237,1.615,,0.022,1.909,,0.003,0.22,,0.0,0.003,,,1.8,3.22,,0.0,0.1,,9.463,2206.248,,0.059,18.906,,0.83,1.06,,0.0,0.06,,,,,,,,593365882.0,672668230000.0,,,,,,,,,,,,,,,,,,,,,,,,,,,,,,,,,,,,,,,,,,,,,,,,,,,,,,,,,,,,,,,,,,,,,,,,,,,,,,,
55,CHN,China,1954,160.877,,20.25,27.095,,0.267,,2.37,2395.553,0.93,0.258,,,155.592,1.915,,0.029,3.341,,0.003,0.258,,0.0,0.006,,,1.97,3.85,,0.01,0.16,,11.378,2361.84,,0.088,22.248,,0.92,1.11,,0.0,0.06,,,,,,,,603052316.0,624480190000.0,,,,,,,,,,,,,,,,,,,,,,,,,,,,,,,,,,,,,,,,,,,,,,,,,,,,,,,,,,,,,,,,,,,,,,,,,,,,,,,
56,CHN,China,1955,190.521,,18.43,29.644,,0.311,,2.56,2586.075,0.98,0.28,,,183.196,1.873,,0.033,5.419,,0.003,0.299,,0.0,0.009,,,1.74,4.19,,0.01,0.23,,13.251,2545.037,,0.121,27.667,,0.98,1.17,,0.0,0.07,,,,,,,,612241552.0,681084945000.0,,,,,,,,,,,,,,,,,,,,,,,,,,,,,,,,,,,,,,,,,,,,,,,,,,,,,,,,,,,,,,,,,,,,,,,,,,,,,,,
57,CHN,China,1956,215.824,,13.28,25.303,,0.347,,2.72,2801.899,1.03,0.292,,,205.023,2.66,,0.048,8.094,,0.004,0.33,,0.0,0.013,,,2.28,4.46,,0.01,0.32,,15.91,2750.059,,0.169,35.76,,1.09,1.24,,0.0,0.09,,,,,,,,621363233.0,738921885000.0,,,,,,,,,,,,,,,,,,,,,,,,,,,,,,,,,,,,,,,,,,,,,,,,,,,,,,,,,,,,,,,,,,,,,,,,,,,,,,,
58,CHN,China,1957,255.785,,18.52,39.961,,0.406,,3.12,3057.684,1.09,0.336,,,243.81,2.855,,0.132,8.988,,0.004,0.387,,0.0,0.014,,,2.33,5.21,,0.02,0.34,,18.766,2993.869,,0.3,44.748,,1.18,1.32,,0.0,0.11,,,,,,,,630677648.0,761702560000.0,,,,,,,,,,,,,,,,,,,,,,,,,,,,,,,,,,,,,,,,,,,,,,,,,,,,,,,,,,,,,,,,,,,,,,,,,,,,,,,
59,CHN,China,1958,524.617,,105.1,268.832,,0.819,,6.23,3582.301,1.24,0.685,,,508.175,3.871,,0.213,12.359,,0.006,0.794,,0.0,0.019,,,2.99,10.69,,0.03,0.45,,22.637,3502.044,,0.513,57.107,,1.32,1.51,,0.01,0.13,,,,,,,,640295777.0,766244655000.0,,,,,,,,,,,,,,,,,,,,,,,,,,,,,,,,,,,,,,,,,,,,,,,,,,,,,,,,,,,,,,,,,,,,,,,,,,,,,,,
60,CHN,China,1959,720.152,,37.27,195.534,,1.108,,8.13,4302.452,1.45,0.968,,,695.438,5.107,,0.557,19.049,,0.008,1.07,,0.001,0.029,,,3.52,14.06,,0.07,0.66,,27.744,4197.482,,1.07,76.156,,1.49,1.78,,0.01,0.16,,,,,,,,650212731.0,743927585000.0,,,,,,,,,,,,,,,,,,,,,,,,,,,,,,,,,,,,,,,,,,,,,,,,,,,,,,,,,,,,,,,,,,,,,,,,,,,,,,,
61,CHN,China,1960,798.8,,10.92,78.648,,1.21,,8.51,5101.252,1.66,1.133,,,748.376,6.514,,1.993,22.992,18.925,0.01,1.133,,0.003,0.035,0.029,,4.14,14.53,,0.24,0.74,68.8,34.258,4945.858,,3.063,99.148,18.925,1.7,2.05,,0.03,0.19,8.78,,,,,,,660408054.0,705092990000.0,,,,16.203,108085352.0,,667070000.0,,,,,,,,23.1752942,,,,,,,,8.122740192,,,,,,,,,,,,,,,,,,95.9348257,748988.417,,,1.170381372,2.947310081,23010.425,780726.302,4.913096815,0.255511822,1994.848,,,,,,,,,,,,,,,,,,,,,,,,,,,,
62,CHN,China,1961,570.63,,-28.56,-228.17,,0.85,,6.06,5671.883,1.79,0.989,,,522.475,2.585,,2.818,22.336,20.417,0.004,0.779,,0.004,0.033,0.03,,1.58,10.57,,0.32,0.67,69.88,36.843,5468.333,,5.881,121.484,39.342,1.69,2.22,,0.05,0.22,16.07,,,,,,,670952701.0,577128420000.0,,,,16.708,110327936.0,2.053595578,660330000.0,-1.015527787,,,,,,,35.79485515,,,,,,,,8.440785668,,,,,,,,,,,,,,,,,,94.71736964,522903.199,,,0.836046901,4.049153105,22354.032,552066.85,4.776772895,0.510793756,2819.923,,,,,,,,,,,,,,,,1211.0,,,,,,,,,,10.97085318,36.4200452,3432480.0
63,CHN,China,1962,459.618,,-19.45,-111.012,,0.674,,4.71,6131.501,1.88,0.746,,,411.925,2.497,,2.323,21.764,21.108,0.004,0.604,,0.003,0.032,0.031,,1.42,8.36,,0.24,0.61,69.72,39.341,5880.258,,8.204,143.248,60.45,1.67,2.34,,0.06,0.25,21.98,,,,,,,682102654.0,616503020000.0,,,,17.226,114685540.0,3.87367811,665770000.0,0.820455549,,,,,,,38.98640509,,,,,,,,8.528797332,,,,,,,,,,,,,,,,,,93.61962577,412262.475,,,0.661428164,4.94641385,21781.98,440359.029,4.035392972,0.527950569,2324.878,,,,,,,,,,,,,,,,1341.6,645.0,,,,,,,,,10.93934024,36.71214999,3460010.0
64,CHN,China,1963,456.779,,-0.62,-2.839,,0.658,,4.45,6588.28,1.96,0.647,,,406.128,3.355,,1.957,23.27,22.069,0.005,0.585,,0.003,0.034,0.032,,1.8,7.95,,0.19,0.61,69.51,42.696,6286.387,,10.16,166.518,82.519,1.68,2.45,,0.07,0.27,26.89,,,,,,,694339084.0,705534390000.0,,,,17.757,121162226.0,5.493641021,682335000.0,2.457647404,,,,,,,39.85420171,,,,,,,,8.474297816,,,,,,,,,,,,,,,,,,93.07570872,406457.614,,,0.640001899,5.333031036,23289.117,436695.696,3.628125716,0.4484079,1958.178,,,,,,,,,,,,,,,,1506.9,,,,,,,,,,10.91843772,37.01486519,3488540.0
65,CHN,China,1964,460.637,,0.84,3.858,,0.65,,4.25,7048.917,2.03,0.573,,,401.574,5.032,,2.03,27.729,24.271,0.007,0.567,,0.003,0.039,0.034,,2.44,7.7,,0.18,0.68,69.39,47.728,6687.961,,12.19,194.247,106.791,1.73,2.55,,0.08,0.29,31.24,,,,,,,708254602.0,804504960000.0,,,,18.299,127791981.0,5.327343511,698355000.0,2.320682987,,,,,,,38.02979795,,,,,,,,8.449381618,,,,,,,,,,,,,,,,,,91.98405371,401899.533,,,0.625646054,6.351657574,27751.856,436923.05,3.071598073,0.464960134,2031.518,,,,,,,,,,,,,,,,1640.1,,,,,,,,,,10.8974291,37.3174743,3517060.0
66,CHN,China,1965,500.286,,8.61,39.649,,0.691,,4.42,7549.204,2.11,0.558,,0.326,432.993,6.801,,2.11,34.999,23.383,0.009,0.598,,0.003,0.048,0.032,,3.14,8.18,,0.17,0.79,67.71,54.529,7120.954,,14.301,229.246,130.173,1.84,2.67,,0.09,0.33,34.59,,,,,,,724218970.0,896126805000.0,1532.235,2115.707,1.889,18.086,129348359.0,1.210542855,715185000.0,2.381368103,,,,,,,37.54901961,,,,,,,,8.445994113,,,,,,,,,,,,,,,,,,91.04461514,433347.725,,,0.665524211,7.359070563,35027.184,475972.933,2.86115549,0.443763049,2112.192,,,,,,,,,,,,,,,,1764.3,,,,,,,,,,10.87122137,37.72098847,3555090.0
67,CHN,China,1966,549.459,,9.83,49.173,,0.74,,4.63,8098.663,2.19,0.592,,0.33,469.765,8.387,,2.568,44.547,24.192,0.011,0.633,,0.004,0.06,0.033,,3.6,8.78,,0.19,0.94,66.79,62.917,7590.72,,16.869,273.792,154.365,1.97,2.79,,0.1,0.36,37.42,,,,,,,742414887.0,927339400000.0,1665.28,2243.058,1.973,17.915,131746910.0,1.837351159,735400000.0,2.787331838,,,,,,,37.17901202,,,,,,,,8.360824585,,,,,,,,,,,,,,,,,,89.93168077,470153.404,,,0.710891382,8.527980023,44583.386,522789.522,2.840106724,0.491702089,2570.567,,,,,,,,,,,,,,,,1895.3,,,,,,,,,,10.82273176,38.1032818,3591120.0
68,CHN,China,1967,460.226,,-16.24,-89.233,,0.604,,3.76,8558.889,2.24,0.493,,0.307,383.599,6.085,,2.799,42.499,25.244,0.008,0.503,,0.004,0.056,0.033,,2.54,7.29,,0.2,0.84,67.86,69.002,7974.318,,19.668,316.291,179.608,2.01,2.87,,0.1,0.39,39.93,,,,,,,762581176.0,933378350000.0,1497.596,1963.852,1.725,17.785,134196718.0,1.842403457,754550000.0,2.57069762,,,,,,,39.80604169,,,,,,,,8.249529123,,,,,,,,,,,,,,,,,,88.61558776,383912.898,,,0.574162147,9.817680119,42533.533,433234.048,2.497705182,0.646668472,2801.588,,,,,,,,,,,,,,,,1952.2,645.0,,,,,,,,,10.77105903,38.48557514,3627150.0
69,CHN,China,1968,495.507,,7.67,35.281,,0.632,,3.84,9054.395,2.29,0.543,,0.328,412.72,5.253,,2.686,48.651,26.197,0.007,0.526,,0.003,0.062,0.033,,2.06,7.75,,0.17,0.88,67.88,74.255,8387.039,,22.354,364.942,205.805,2.01,2.96,,0.11,0.43,42.14,,,,,,,784074715.0,912372780000.0,1512.598,1929.15,1.786,17.656,136747486.0,1.882928902,774510000.0,2.610902626,,,,,,,41.6432544,,,,,,,,8.134052756,,,,,,,,,,,,,,,,,,88.08551901,413058.214,,,0.605451997,10.38333412,48690.426,468928.626,2.819075663,0.573202584,2687.911,,,,,,,,,,,,,,,,1957.5,,,,,,,,,,10.71938629,38.86733795,3663130.0
70,CHN,China,1969,607.683,,22.64,112.177,,0.754,,4.41,9662.079,2.36,0.604,,0.33,501.177,7.613,,3.759,66.85,28.285,0.009,0.622,,0.005,0.083,0.035,,2.81,9.08,,0.22,1.12,67.82,81.868,8888.215,,26.113,431.791,234.09,2.06,3.08,,0.12,0.47,44.16,,,,,,,805985941.0,1006175600000.0,1841.019,2284.183,1.973,17.528,139527262.0,2.012395147,796025000.0,2.740002106,,,,117.6,,,37.5191112,,,,,,,,8.006929682,,,,,,,,,,,,,,,,,,86.89443124,501586.928,,,0.725149509,11.59045574,66904.415,577237.138,2.967502971,0.651784466,3762.342,,,,,,,,,,,,,,,,1915.9,,,,,,,,,,10.67004785,39.35700871,3709280.0
71,CHN,China,1970,807.953,,32.96,200.269,,0.976,,5.42,10470.031,2.47,0.706,,0.343,665.866,10.718,,5.503,94.645,31.22,0.013,0.805,,0.007,0.114,0.038,,3.71,11.69,,0.31,1.39,70.4,92.587,9554.081,,31.617,526.436,265.31,2.18,3.25,,0.13,0.53,46.19,,,,,,,827601385.0,1144004370000.0,2357.393,2848.465,2.224,17.4,142386810.0,2.028735959,818315000.0,2.761675566,,,,111.8,,,34.79843839,,,,,,,,7.87981132,,,,,,,,,,139154.97,,781088.0,,,1873971.675,,50660.49837,86.3654941,666411.244,,,0.942934535,12.27580766,94722.277,771617.474,3.325052509,0.71380369,5507.834,,,,,,,,,,,,,,,,2143.1,,,,,,,,,,10.61752629,39.84402687,3755180.0
72,CHN,China,1971,909.21,,12.53,101.257,,1.071,,5.87,11379.241,2.59,0.748,,0.325,736.424,13.124,0.791,7.174,120.091,31.605,0.016,0.868,0.001,0.008,0.142,0.037,,4.41,12.92,0.25,0.37,1.67,70.77,105.711,10290.506,0.791,38.791,646.527,296.916,2.32,3.43,0.03,0.15,0.61,47.96,,,,,,,848759709.0,1216237830000.0,2794.916,3292.94,2.452,17.292,145443877.0,2.124291883,841105000.0,2.74691555,,,,106.2,,,33.63181245,,,,,,,,7.789648855,,,,,,,,,,141874.29,,813814.0,,,1914331.77,,51992.97559,84.07512758,737030.33,,,1.042239697,13.7103656,120189.592,876633.02,3.528474962,0.819041245,7179.986,2.241697932,464.933157,151.9893473,,,0.0,0.0,,8.304928737,0.0,0.0,21.57311127,70.12195999,,,2187.1,,,,,,,,,,10.57158318,40.33709296,3801650.0
73,CHN,China,1972,968.646,,6.54,59.436,,1.114,,5.97,12347.887,2.71,0.785,,0.322,770.722,14.717,1.022,9.281,138.328,34.576,0.017,0.886,0.001,0.011,0.159,0.04,,4.66,13.54,0.29,0.45,1.78,71.92,120.428,11061.227,1.814,48.072,784.855,331.491,2.47,3.62,0.06,0.17,0.69,49.69,,,,,,,869485962.0,1233564930000.0,3012.934,3465.189,2.666,17.184,148131235.0,1.830831672,862030000.0,2.45735693,,,,100.7,,,32.41654913,,,,,,,,7.754386506,,,,,,,,,,148863.86,,825771.0,,,1999689.065,,58213.51009,82.80054951,771349.783,,,1.080676637,14.86087001,138440.251,931575.681,3.612003534,0.997075298,9288.511,2.264768449,477.1687087,163.9119288,,,0.0,0.0,,14.25401061,0.0,0.0,22.12749341,63.61849598,,,2122.1,645.0,,,,,,,,,10.52235084,40.82686982,3847810.0
74,CHN,China,1973,1008.293,,4.09,39.647,,1.134,,5.9,13356.179,2.82,0.756,,0.317,783.741,15.456,1.264,11.468,158.819,37.544,0.017,0.881,0.001,0.013,0.179,0.042,,4.62,13.39,0.31,0.54,1.91,72.72,135.884,11844.969,3.078,59.54,943.674,369.035,2.61,3.8,0.08,0.2,0.77,51.34,,,,,,,889485368.0,1334375220000.0,3180.296,3575.435,2.628,17.184,151552570.0,2.283395763,881940000.0,2.283395364,,,,95.3,,,32.92576736,,,,,,,,7.734556206,,,,,,,,,,158473.86,,826991.0,,,2057487.38,,64450.60634,80.98620345,784385.968,,,1.098195691,16.41123109,158949.782,968542.708,3.484907193,1.185049446,11477.71,2.270325085,483.7173753,175.933737,,,0.0,0.0,,19.54839972,0.0,0.0,22.52666149,57.92493879,,,2288.1,,,,,,,,,,10.47216357,41.42179592,3903880.0
75,CHN,China,1974,1028.1,,1.96,19.807,,1.132,,6.04,14384.279,2.94,0.752,,0.314,776.101,15.34,1.634,14.44,182.573,38.011,0.017,0.854,0.002,0.016,0.201,0.042,,4.58,13.23,0.42,0.66,2.23,72.56,151.224,12621.07,4.712,73.98,1126.247,407.046,2.73,3.98,0.12,0.23,0.87,52.78,,,,,,,908464206.0,1367631650000.0,3279.296,3609.715,2.645,17.292,155688522.0,2.692479597,900350000.0,2.065955013,,,,89.8,,,33.42645967,,,,,,,,7.734079191,,,,,,,,,,154280.49,,830833.0,,,2073854.51,,65035.12497,78.61591336,776736.606,,,1.097367111,18.49395399,182722.943,988014.478,3.474702807,1.462695874,14451.647,2.257176825,486.1679858,174.2333537,,,0.0,0.0,,18.00784479,0.0,0.0,25.21121723,56.78093797,,,2402.1,,,,,,,,,,10.53168801,42.12643373,3970290.0
76,CHN,China,1975,1183.215,,15.09,155.115,,1.277,,6.94,15567.494,3.07,0.81,,0.322,906.638,19.102,1.905,16.972,204.191,34.406,0.021,0.979,0.002,0.018,0.22,0.037,,5.73,15.09,0.57,0.77,2.52,72.94,170.326,13527.708,6.617,90.951,1330.438,441.453,2.9,4.18,0.15,0.26,0.96,53.95,,,,,,,926240889.0,1460733630000.0,3672.629,3965.09,2.804,17.4,159452730.0,2.389015723,916395000.0,1.766391782,,,,84.3,,,31.95262379,,,,,,,,7.759142182,,,,,,,,,,166425.05,,854612.0,,,2264422.92,,76104.17419,79.2052111,907380.815,,,1.250124095,17.83841746,204358.243,1145607.47,3.705789527,1.482667008,16985.544,2.369955895,527.4883375,199.0397154,,,0.0,0.0,,21.49233407,0.0,0.0,22.69517854,55.81248739,,,2492.8,,,,,,,,,,10.37551368,42.61540698,4016370.0
77,CHN,China,1976,1226.421,,3.65,43.206,,1.301,,6.82,16793.915,3.2,0.868,,0.317,910.39,19.253,1.905,19.368,238.985,36.52,0.02,0.966,0.002,0.02,0.254,0.039,,5.54,14.47,0.48,0.83,2.79,73.02,189.579,14438.098,8.522,110.319,1569.423,477.973,3.05,4.38,0.18,0.3,1.07,55.04,,,,,,,942685412.0,1413710515000.0,3866.91,4102.017,2.998,17.46,162497601.0,1.891572392,930685000.0,1.547337973,,,,79.0,,0.820949972,32.35963327,,,,,,,,7.800977345,,,,,,,,,,173203.82,,861785.0,,,2327790.4,,81628.79825,76.16928005,911132.156,,,1.285283136,19.99509511,239180.075,1196193.735,3.931143987,1.620453396,19383.762,2.392672365,537.1747315,204.0303647,,,0.0,0.0,,27.33087808,0.0,0.0,22.09730568,50.57181624,,,2537.0,,,,,,,,,,10.35602585,43.24103321,4075333.333
78,CHN,China,1977,1340.831,,9.33,114.41,,1.4,,7.25,18134.746,3.34,0.898,,0.318,998.609,22.906,2.18,23.237,257.484,36.415,0.024,1.042,0.002,0.024,0.269,0.038,,6.29,15.53,0.57,0.97,2.9,73.28,212.485,15436.706,10.703,133.557,1826.907,514.388,3.23,4.59,0.21,0.34,1.17,56.03,,,,,,,957891271.0,1493489265000.0,4216.888,4402.263,3.171,17.52,165293316.0,1.705832985,943455000.0,1.362779476,,,,74.0,,0.82604003,28.99076923,,,,,,,,7.875047883,,,,,,,,,,190822.36,,871602.0,,,2516150.877,,95375.71271,76.27398027,999426.182,,,1.388842897,19.66668999,257694.758,1310310.775,4.003138088,1.774854824,23256.114,2.406126826,577.2110106,220.6570531,,,0.0,0.0,,22.32253332,0.0,0.0,21.03439743,56.64306925,,,2501.5,645.0,,,,,,,,,10.3364429,43.8665999,4134286.667
79,CHN,China,1978,1492.778,,11.33,151.947,,1.536,,7.83,19627.524,3.49,0.895,,0.323,1117.447,26.81,2.737,26.286,281.992,37.506,0.028,1.149,0.003,0.027,0.29,0.039,,6.93,16.94,0.7,1.05,3.08,73.43,239.295,16554.153,13.44,159.842,2108.9,551.895,3.43,4.83,0.24,0.38,1.28,56.95,,,,,,,972205441.0,1667551760000.0,4624.29,4756.497,3.062,17.9,171153535.0,3.483945072,956165000.0,1.338182338,,,,69.5,,0.830439985,27.68541782,,,,,,,,7.969584329,,,,,,,,,,209298.36,,877210.0,,,2726399.89,,101579.046,76.48650614,1118361.66,,,1.52920111,19.3016951,282223.321,1462168.579,4.012612179,1.799180914,26307.058,2.477823812,617.1549011,246.5557723,,,0.0,0.0,,22.03724781,0.0,0.0,17.38438991,60.57836228,,,2802.0,,,,,,,,,,10.3155757,44.4997602,4193960.0
80,CHN,China,1979,1525.661,,2.2,32.883,,1.547,,7.78,21153.185,3.63,0.847,,0.32,1147.547,30.32,3.063,27.777,278.427,38.527,0.031,1.164,0.003,0.028,0.282,0.039,,7.72,16.74,0.85,1.05,2.99,73.44,269.615,17701.701,16.503,187.619,2387.326,590.422,3.66,5.06,0.28,0.42,1.37,57.8,,,,,,,986132214.0,1801380295000.0,4763.128,4830.112,2.977,18.617,180399661.0,5.261370931,969005000.0,1.333927954,,,,65.6,,0.818159997,30.7032787,,,,,,,,8.081010831,,,,,,,,,,222217.3,,874356.0,,,2773803.817,,98777.48615,76.82925633,1148489.732,,,1.542675099,18.64089959,278655.33,1494859.884,3.812878555,1.859674428,27799.527,2.492029549,619.0436623,267.3742654,,,0.0,0.0,,25.71661642,0.0,0.0,17.769108,56.51427558,,4.49e-05,3041.9,,,,,,,,,,10.30088024,44.98407373,4239605.0
81,CHN,China,1980,1494.496,,-2.04,-31.165,,1.494,,7.67,22647.681,3.76,0.789,,0.308,1122.664,32.712,3.012,27.319,273.202,35.586,0.033,1.123,0.003,0.027,0.273,0.036,,8.27,15.91,0.95,1.01,3.05,73.83,302.328,18824.365,19.514,214.938,2660.529,626.008,3.9,5.28,0.32,0.46,1.45,58.52,,,,,,,1000089228.0,1893783550000.0,4856.292,4855.86,2.925,19.358,189947471.0,5.157283705,981235000.0,1.254221052,,,,62.2,,0.811959982,29.63393836,,,,,,,,8.202999485,,,,,,,,,,237185.34,,869136.0,,,2757430.09,,110145.4692,76.58051471,1123583.468,,,1.495250749,18.63601487,273426.188,1467192.369,3.470429653,1.863501513,27341.152,2.453421941,609.4551957,281.6246873,,,0.0,0.0,,27.37318298,0.0,0.228852743,19.36267172,53.03529255,,0.029819636,2948.7,,,,,,,,,,10.2867153,45.46775063,4285190.0
82,CHN,China,1981,1476.488,,-1.2,-18.008,,1.456,,7.76,24124.169,3.89,0.757,,0.308,1125.005,33.903,2.689,24.388,256.374,34.129,0.033,1.109,0.003,0.024,0.253,0.034,,8.58,15.99,1.13,0.88,3.0,73.13,336.23,19949.37,22.204,239.325,2916.903,660.137,4.12,5.49,0.35,0.48,1.52,59.13,,,,,,,1014022211.0,1949955282000.0,4790.988,4724.738,2.886,20.118,199949784.0,5.131868951,993885000.0,1.280952344,,,,59.5,,0.79497999,31.31558121,,,,,,,,8.33698446,,,,,,,,,,233575.7,,861145.0,,,2724309.237,,107242.4046,77.56955041,1125923.014,,,1.460431817,17.67712239,256583.657,1451501.276,3.26631574,1.681538446,24407.552,2.445683434,597.1467101,285.8177757,,,0.0,0.0,,25.95305073,0.0,0.182688266,21.19507227,52.66918873,,0.135296316,3091.6,,,,,,,,,,10.35037794,46.02999784,4338180.0
83,CHN,China,1982,1606.585,,8.81,130.097,,1.563,,8.51,25730.754,4.02,0.755,,0.321,1248.856,38.87,2.524,22.9,257.81,35.625,0.038,1.215,0.002,0.022,0.251,0.035,,9.87,17.44,1.07,0.85,3.09,79.14,375.1,21198.226,24.728,262.225,3174.713,695.762,4.39,5.72,0.37,0.5,1.59,59.9,,,,,,,1027948989.0,2128597968000.0,5002.704,4866.685,2.734,20.902,210823843.0,5.295666246,1008630000.0,1.47267476,,,,57.3,,0.781080008,32.7857031,,,,,,16.36917881,460.465,8.462037913,,,,,,,,,,241870.06,,870542.0,,,2815057.937,,113225.5649,79.09319373,1249878.615,,,1.566739684,16.32775716,258021.121,1580260.647,3.261931122,1.450314544,22918.75,2.581840968,606.8304373,299.1979219,,,0.0,0.0,,22.75604248,0.0,0.213012695,22.70507813,54.3258667,,0.209664357,3465.3,645.0,,,,,,,,,10.87040713,47.04864998,4434180.0
84,CHN,China,1983,1694.217,,5.45,87.632,,1.625,,8.92,27424.971,4.16,0.743,,0.318,1321.843,44.126,2.671,23.439,263.771,38.366,0.042,1.268,0.003,0.022,0.253,0.037,,10.96,17.97,1.25,0.86,3.2,79.49,419.227,22520.069,27.399,285.664,3438.485,734.128,4.68,5.96,0.4,0.52,1.65,60.69,,,,,,,1042431401.0,2278862376000.0,5324.027,5107.319,2.73,21.545,220472140.0,4.474842022,1023310000.0,1.444949695,,,,55.7,,0.777639985,32.56812238,,,,,,,,8.65823338,,,,,,,,,,260209.66,,890568.0,,,2950585.591,,131289.1498,79.35825325,1322925.255,,,1.629055908,15.83579519,263987.33,1667029.201,3.106463957,1.407161853,23457.799,2.619436943,621.9107172,317.0202578,,,0.0,0.0,,20.39409288,0.0,0.182107899,24.57318461,54.85061461,,0.275698543,3724.4,,,,,,,,,,11.4646985,48.15351625,4538310.0
85,CHN,China,1984,1844.828,,8.89,150.611,,1.743,,9.39,29269.799,4.32,0.728,,0.323,1454.198,50.066,3.213,24.226,271.451,41.674,0.047,1.374,0.003,0.023,0.256,0.039,,12.17,18.87,1.72,0.82,3.26,79.78,469.292,23974.266,30.613,309.89,3709.936,775.802,5.01,6.21,0.43,0.53,1.71,61.48,,,,,,,1058171973.0,2534000300000.0,5712.497,5398.458,2.597,22.203,230206255.0,4.320433025,1036825000.0,1.312068761,,,,54.6,,0.781639993,31.53969556,,,,,,,,8.876016782,,,,,,,,,,270793.99,,908770.0,,,3135783.747,,143288.3668,80.19073404,1455388.296,,,1.75044806,14.96898551,271673.362,1814908.31,2.936007876,1.335946497,24246.204,2.688550737,651.0749586,336.4116413,,,0.0,0.0,,18.479027,0.0,0.240864888,22.99477994,58.28532818,,0.483945715,3960.9,,,,,,,,,,12.17485599,49.38507131,4654380.0
86,CHN,China,1985,1998.083,,8.31,153.255,,1.858,,9.83,31267.882,4.48,0.726,,0.323,1584.511,59.301,,24.82,284.594,44.857,0.055,1.473,,0.023,0.265,0.042,,14.24,19.21,,0.8,3.42,81.16,528.593,25558.778,,334.71,3994.53,820.658,5.41,6.49,,0.55,1.78,62.3,,,,,,,1075589363.0,2752673760000.0,6178.478,5744.274,2.543,22.874,240414890.0,4.339047124,1051040000.0,1.361699118,,,,54.0,,0.787370026,27.93435752,,,,,,,,9.099801244,,,,,,,,,,263144.43,,908613.0,,,3142896.374,,146418.9444,80.63898979,1585808.818,,,1.871054791,14.48355722,284826.891,1966553.428,2.804644051,1.263136696,24840.258,2.844586996,657.7597361,362.8120719,,,0.0,0.0,,13.80238136,0.0,0.236674864,22.49141688,63.46952689,,0.536046583,3827.8,,,,,,,,,,12.82113857,50.63774116,4772440.0
87,CHN,China,1986,2104.213,,5.31,106.13,,1.922,,10.2,33372.095,4.64,0.718,,0.325,1657.391,67.362,,26.352,303.068,50.04,0.062,1.514,,0.024,0.277,0.046,,15.51,19.85,,0.87,3.53,83.89,595.955,27216.169,,361.062,4297.598,870.699,5.84,6.76,,0.56,1.84,63.24,,,,,,,1095014106.0,2931538920000.0,6475.321,5913.459,2.52,23.559,251325056.0,4.438100593,1066790000.0,1.487398929,,,,53.8,,0.808640003,26.63849653,,,,,,,,9.324563316,,,,,,,,,,269658.77,,925594.0,,,3282780.787,,162281.6268,80.17255894,1658745.448,,,1.939434257,14.66024356,303315.905,2068969.071,2.708313392,1.274695904,26373.064,2.889461856,671.2095033,391.351625,,,0.0,0.0,,11.94091607,0.0,0.376615576,21.0286299,66.65383845,,0.623424606,3895.0,,,,,,,,,,12.8619888,51.28593362,4833530.0
88,CHN,China,1987,2257.739,,7.3,153.525,,2.023,,10.62,35629.834,4.81,0.711,,0.323,1770.269,75.429,,26.601,321.523,63.917,0.068,1.586,,0.024,0.288,0.057,,16.64,20.5,,0.81,3.71,85.9,671.384,28986.438,,387.662,4619.121,934.615,6.3,7.05,,0.57,1.91,64.4,,,,,,,1116095475.0,3177306585000.0,6983.141,6256.762,2.567,24.259,262976051.0,4.531582208,1084035000.0,1.603605087,,18.7,,53.8,,0.826499999,26.32089964,,,,,,17.37063633,488.636,9.549763061,,,,,,,,,,300178.58,,940693.0,,,3349248.613,,54638.42403,80.17882717,1771718.384,,,2.038410689,14.5623995,321786.584,2209708.531,2.590551869,1.204793285,26622.42,2.935404742,694.42236,426.5544932,,,0.0,0.0,,10.98879884,0.0,0.550405212,20.11181049,68.34898546,,0.847702965,3978.3,645.0,,,,,,,,,12.82941472,51.84913636,4886610.0
89,CHN,China,1988,2425.894,,7.45,168.155,,2.132,,10.98,38055.727,4.99,0.723,,0.323,1892.698,84.961,,27.311,343.13,77.794,0.075,1.664,,0.024,0.302,0.068,,17.73,21.19,,0.79,3.82,87.25,756.345,30879.136,,414.974,4962.251,1012.409,6.79,7.35,,0.58,1.98,65.72,,,,,,,1137724234.0,3354463350000.0,7500.799,6592.81,2.65,24.974,275121076.0,4.514830994,1101630000.0,1.610071086,,,,53.9,,0.833199978,25.23768653,,,,,,,,9.787155215,,,,,,,,,,316382.9,,961551.0,,,3680670.847,,205248.2755,79.94286324,1894247.522,,,2.150905225,14.49295772,343410.883,2369501.723,2.49759091,1.153568184,27333.818,2.985952132,720.3414958,461.7975182,,,0.0,0.0,,11.06656151,0.0,0.376552154,20.01980888,68.53707746,,1.022558946,3936.6,,,,,,,,,,12.90145968,52.4452315,4942790.0
90,CHN,China,1989,2463.654,,1.56,37.761,,2.127,,11.0,40519.382,5.16,0.729,,0.313,1920.239,84.886,,28.821,354.441,75.267,0.073,1.658,,0.025,0.306,0.065,,17.25,21.44,,0.8,3.88,86.8,841.231,32799.375,,443.795,5316.692,1087.676,7.23,7.65,,0.6,2.04,66.84,,,,,,,1158357393.0,3380560300000.0,7870.667,6794.681,2.801,25.701,287504237.0,4.402632038,1118650000.0,1.533169996,,,,54.0,100.4050369,0.842719972,24.61155196,,,,,,,,10.04579833,,,,,,,,,,324573.1,,991542.0,,,3800686.21,,222342.6173,79.79141767,1921808.694,,,2.153077911,14.72804367,354730.912,2408540.605,2.436262776,1.197597497,28844.622,2.973387687,724.1161051,487.373173,,,0.0,0.0,,9.854824644,0.0,0.634223081,20.24418187,69.2667704,,0.97565029,4020.2,,,,,,,,,,13.03875892,53.09342396,5003880.0
91,CHN,China,1990,2484.855,2320.44,0.86,21.2,-164.415,2.111,1.972,10.92,43004.236,5.32,0.734,0.686,0.312,1976.684,84.513,,29.301,330.291,64.065,0.072,1.68,,0.025,0.281,0.054,-6.62,16.93,22.68,,0.76,3.58,28.75,925.744,34776.059,,473.096,5646.984,1151.741,7.63,7.95,,0.6,2.1,62.26,2901.78,2.466,732.46,0.622,311.88,0.265,1176883681.0,3385121670000.0,7972.531,6774.271,2.858,26.442,300165618.0,4.309678481,1135185000.0,1.467303211,66.3,12.6,1.061,53.8,101.5680618,0.848609984,26.58430812,,,,,,,,10.32887917,6.026227245,3.084049739,2.942177506,,,,1708.6,4674.5,,312810.0,,730340.0,5970.1,,3222270.0,,-126304.7031,91.02507159,1978302.496,1.344580008,1.948642105,1.914542564,15.20970824,330561.715,2173360.0,2.115444513,1.349293214,29324.999,2.496159351,766.9953294,510.6198549,538.6595243,34.08361405,0.010945357,68000000.0,20.40793989,8.106968329,0.0,0.446023294,20.39699453,71.03906849,,0.966308311,4324.7,,,16.67332543,1571405.9,1.165879632,0.258707371,23928.50781,0.907172261,83906.6875,13.20799561,53.75169635,5065920.0
92,CHN,China,1991,2606.096,2400.207,4.88,121.241,-205.889,2.185,2.012,11.21,45610.333,5.49,0.743,0.684,0.311,2049.92,101.305,,30.778,356.027,68.066,0.085,1.718,,0.026,0.298,0.057,-7.9,19.76,23.75,,0.79,3.67,31.61,1027.049,36825.979,,503.873,6003.011,1219.807,8.12,8.25,,0.61,2.15,59.06,3051.32,2.558,745.19,0.625,318.54,0.267,1192897277.0,3508947838839.58,8375.788,7021.384,2.859,27.312,314301034.0,4.601685132,1150780000.0,1.364434008,,,,53.2,102.9511871,0.860360026,24.03406738,,,,,,,,10.77382454,,,,,,,,,1.419556923,319570.0,-0.333362834,743070.0,,3.661683576,3371940.0,-0.509914832,-116741.6953,89.11508138,2051598.492,1.303538531,1.827365418,2.000547455,15.47738123,356318.723,2302190.0,2.050873443,1.337978186,30802.8,2.714992962,736.8518014,548.9537531,480.1259337,33.25847354,0.011068069,75000000.0,18.47113079,7.662497694,0.0,0.358457849,18.46006272,73.50791367,,1.138837732,4237.3,,,16.88404857,1591265.86,,,,,,13.32089081,54.35426386,5122710.0
93,CHN,China,1992,2730.788,2577.037,4.78,124.691,-153.75,2.263,2.136,12.1,48341.12,5.66,0.727,0.686,0.31,2114.715,122.445,,30.239,385.793,77.596,0.102,1.752,,0.025,0.32,0.064,-5.63,22.91,25.08,,0.76,4.2,35.97,1149.494,38940.694,,534.112,6388.804,1297.403,8.72,8.56,,0.62,2.22,56.88,3182.67,2.637,753.78,0.625,323.93,0.268,1206711243.0,3755037488097.59,8820.231,7309.315,2.774,28.2,328521540.0,4.42511729,1164970000.0,1.225536228,,14.2,,52.3,99.28115845,0.874170005,21.32886137,,,,,,18.3765849,516.9333333,11.26575903,,,,,,,,,3.953634485,324780.0,-0.647058245,751660.0,,7.188324812,3503100.0,10.00250285,-101474.1094,87.52240888,2116449.387,1.198704005,1.642961556,2.07574444,15.96694336,386109.431,2418180.0,1.885935976,1.251509441,30263.751,2.75799281,752.6286625,604.6936831,434.6291263,32.9312779,0.017372369,131000000.0,17.58468367,7.056364719,0.0,0.327157522,17.5673113,75.03179409,,2.613162193,4365.8,645.0,,17.0947717,1611125.82,,,,,,13.11048557,54.66483177,5151980.0
94,CHN,China,1993,2921.651,2757.562,6.99,190.863,-164.089,2.397,2.262,12.81,51262.771,5.85,0.708,0.668,0.308,2228.745,142.774,,35.728,428.549,85.855,0.117,1.829,,0.029,0.352,0.07,-5.62,25.68,26.13,,0.88,4.66,39.92,1292.268,41169.439,,569.84,6817.353,1383.258,9.41,8.89,,0.63,2.29,55.42,3405.73,2.794,759.68,0.623,314.43,0.258,1218817059.0,4126169580711.49,9497.178,7792.128,2.69,29.103,342961393.0,4.301547743,1178440000.0,1.149619431,56.7,,,50.9,101.1017227,0.881250024,19.3074684,,,,,,,,11.79978743,,,,,,,,,1.997760032,315420.0,-1.369836072,757560.0,,12.98889939,3726350.0,19.30733052,-200477.2188,84.3784672,2230570.094,1.150657028,1.540606371,2.243245307,16.22450489,428899.654,2643530.0,1.810343067,1.352620057,35756.917,2.846293049,788.1287236,662.6370456,404.2651296,31.6777918,0.017056318,143000000.0,18.12526017,7.807022671,0.191317022,0.372614948,18.10820385,73.50378519,,6.186882076,4567.7,,,17.30549483,1630985.78,,,,,,12.94008172,55.07948819,5191060.0
95,CHN,China,1994,3100.002,2747.143,6.1,178.351,-352.859,2.52,2.233,13.5,54362.773,6.05,0.698,0.619,0.308,2380.586,164.377,,41.568,423.712,89.76,0.134,1.935,,0.034,0.344,0.073,-11.38,27.74,27.75,,1.01,4.59,41.7,1456.645,43550.025,,611.408,7241.065,1473.018,10.16,9.23,,0.65,2.36,54.33,3556.72,2.892,775.77,0.631,327.57,0.266,1230020026.0,4438753432049.77,10081.194,8195.959,2.703,30.024,357836540.0,4.245840597,1191835000.0,1.130260632,,,,49.2,103.5136185,0.901910007,19.47428273,,,,,,,,12.37649507,,,,,-407.479,,,,6.748131084,328610.0,0.334346206,773650.0,,18.51719081,3877370.0,33.7191809,-234267.1016,86.20203003,2382537.908,1.064300086,1.395191072,2.31902906,15.34278425,424059.214,2763900.0,1.674476611,1.5051961,41602.115,2.841380181,816.16289,727.1073597,374.5715173,31.24948417,0.05440374,505000000.0,18.0884357,5.192486897,1.589666521,0.339780985,18.03403196,74.78962989,,5.987156294,4510.1,,,17.51621797,1650845.74,,,,,,12.8761007,55.56831168,5237130.0
96,CHN,China,1995,3357.909,2990.767,8.32,257.907,-367.141,2.706,2.41,14.32,57720.682,6.26,0.698,0.622,0.323,2569.754,184.637,,42.436,468.23,92.852,0.149,2.071,,0.034,0.377,0.075,-10.93,29.47,29.13,,1.01,5.02,41.76,1641.282,46119.779,,653.844,7709.294,1565.87,10.97,9.59,,0.66,2.44,53.37,3946.2,3.18,800.57,0.645,369.89,0.298,1240920539.0,4810000052949.3,10390.963,8373.59,2.617,30.961,373035157.0,4.159637994,1204855000.0,1.086509151,,10.7,1.078,47.4,98.77063751,0.915570021,19.59651961,,,,,,,,13.0027278,,,,,,,,,19.86833359,370950.0,5.753704851,798450.0,,29.53428973,4266840.0,28.33958289,-233719.1094,83.37005397,2571857.784,1.070621236,1.374653308,2.560366185,15.19069731,468613.264,3084870.0,1.684421756,1.376757983,42471.194,2.953697109,866.8343743,770.2802412,362.468187,29.47211139,0.306077701,3085000000.0,19.2141393,5.46614096,1.273223708,0.297545227,18.9080616,73.7489508,,4.88044416,4663.8,,,17.72684706,1670705.7,,,,,,12.75730207,55.56812298,5237140.0
97,CHN,China,1996,3503.234,3120.878,4.33,145.325,-382.355,2.799,2.493,14.5,61223.916,6.47,0.683,0.609,0.32,2660.401,192.853,,44.47,510.622,94.887,0.154,2.126,,0.036,0.408,0.076,-10.91,30.18,29.4,,1.01,5.31,43.0,1834.135,48780.18,,698.314,8219.917,1660.757,11.76,9.96,,0.68,2.52,52.65,3980.48,3.18,824.73,0.659,394.91,0.316,1251636178.0,5127589667244.04,10932.141,8734.282,2.572,31.916,388593258.0,4.086051744,1217550000.0,1.048141514,41.7,,1.057,45.5,93.32328796,0.928520024,19.32548555,,,,,,,,13.68463266,,,,,,,,,24.40472396,396540.0,7.528689855,823860.0,,33.11874998,4302870.0,32.60248208,-231666.5156,86.87385359,2662579.364,0.967666353,1.220120792,2.517251858,16.67407709,511040.454,3064880.0,1.522441553,1.452140997,44506.379,2.855147947,881.6537374,821.0808591,338.9198636,30.53717546,0.151818114,1640000000.0,17.55221062,4.661093831,1.327297638,0.261793675,17.40039251,76.19760424,,4.651826651,4894.5,,,17.93758811,1690565.66,,,,,,12.73163843,55.57221389,5237520.0
98,CHN,China,1997,3510.169,3053.715,0.2,6.936,-456.455,2.781,2.42,14.44,64734.085,6.67,0.663,0.577,0.319,2609.556,202.874,,44.159,557.961,95.62,0.161,2.068,,0.035,0.442,0.076,-13.0,30.79,29.0,,1.0,5.72,43.03,2037.009,51389.736,,742.473,8777.878,1756.377,12.53,10.3,,0.69,2.62,52.01,3989.45,3.161,792.61,0.628,367.43,0.291,1261996017.0,5291338890182.24,10995.762,8712.993,2.528,32.883,404485562.0,4.008285508,1230075000.0,1.023450024,,,1.051,43.5,90.64083862,0.935779989,17.89527674,,,,,,19.19557158,539.9714286,14.4231629,,,,,,,,,18.56532785,368670.0,4.906038882,791730.0,,31.36741813,4311650.0,48.89089333,-242443.3125,83.47665623,2611692.405,0.904274444,1.120862518,2.543462797,17.84853192,558418.094,3128650.0,1.422706271,1.412579995,44194.684,2.917630452,871.7563238,852.7406865,309.9345372,30.18348168,0.258740298,2939000000.0,17.51246602,4.147856127,1.269315285,0.711073627,17.25372572,76.35928894,,4.725334152,4816.7,645.0,,18.14831035,1710425.62,,,,,,12.6989849,55.57139159,5237442.5
99,CHN,China,1998,3360.455,2955.87,-4.27,-149.714,-404.585,2.642,2.324,13.88,68094.541,6.84,0.63,0.554,0.305,2444.771,211.369,,50.501,559.262,94.553,0.166,1.922,,0.04,0.44,0.074,-12.04,32.3,27.9,,1.12,5.68,43.16,2248.377,53834.507,,792.974,9337.14,1850.93,13.3,10.61,,0.71,2.7,51.48,4128.97,3.246,814.87,0.641,376.11,0.296,1271982349.0,5338703047530.52,11010.818,8656.426,2.502,33.867,420606126.0,3.908078566,1241935000.0,0.959550406,,6.9,1.052,41.4,,,17.15903476,,,,,,,,15.2348891,,,,,,,,,21.64391794,377470.0,4.26094738,813830.0,,32.0789043,4451040.0,3.670219714,-210613.2188,75.70179161,2446772.747,0.866217402,1.06174011,2.602487248,17.31742259,559719.879,3232120.0,1.362830653,1.56374952,50542.261,2.993571612,869.3586073,870.6172223,289.3591718,29.73990148,0.245310493,2864000000.0,18.06115632,4.573190578,1.207708779,0.521798715,17.81584582,75.63614561,,4.435577102,4954.0,,,18.35903259,1730285.58,,,,,,12.69784428,55.57078149,5237385.0
100,CHN,China,1999,3350.34,2992.905,-0.3,-10.115,-357.435,2.614,2.335,13.66,71444.881,7.01,0.601,0.536,0.294,2378.49,228.322,,54.572,596.751,92.205,0.178,1.856,,0.043,0.466,0.072,-10.67,33.33,27.36,,1.18,5.92,42.38,2476.699,56212.997,,847.545,9933.891,1943.135,14.08,10.89,,0.73,2.8,50.96,4079.24,3.183,826.63,0.645,392.58,0.306,1281514833.0,5578502931607.12,11396.786,8893.213,2.425,34.865,436766058.0,3.77008873,1252735000.0,0.865851393,40.3,,1.043,39.2,,,16.06478847,,,,,,,,16.13265607,,,,,,,,,21.64391794,393760.0,3.839081138,825690.0,,30.48336917,4401290.0,42.46669935,-226983.9844,75.58873314,2380440.384,0.783932434,0.947205975,2.513859675,18.96483624,597240.623,3149200.0,1.233370685,1.734291185,54616.298,2.861456423,878.5245355,913.963448,273.9627373,30.50604898,0.244449875,3031000000.0,16.68146593,4.053545088,1.205635493,0.388168013,16.43701605,77.67118548,,3.74900388,4947.1,,,18.56975483,1750145.54,,,,,,12.69744639,55.5703836,5237347.5
101,CHN,China,2000,3439.152,3041.417,2.65,88.812,-397.735,2.665,2.357,13.63,74884.033,7.17,0.578,0.511,0.292,2396.426,244.388,,59.796,648.685,89.857,0.189,1.857,,0.046,0.503,0.07,-11.56,34.05,26.59,,1.26,6.31,41.8,2721.087,58609.423,,907.342,10582.576,2032.992,14.86,11.16,,0.75,2.89,50.47,4276.12,3.313,830.67,0.644,385.44,0.299,1290550767.0,5952682333616.4,11792.554,9137.612,2.303,35.877,452999147.0,3.649252711,1262645000.0,0.787956593,,7.4,1.033,36.8,,,14.67624166,,,,,,,,17.12694732,6.474867893,3.988093971,2.486773922,,,,10753.6,8034.4,21.64391794,386080.0,2.604950291,829610.0,38094.0,30.56125648,4597430.0,69.20589715,-256914.0313,71.72026916,2398390.349,0.767301884,0.906839531,2.648479977,19.41385193,649216.681,3344090.0,1.207205633,1.789588199,59845.44,2.94607047,898.9873131,992.9433847,260.4492634,29.60300064,0.234116031,3174000000.0,16.63949819,3.486514356,1.234530566,0.425819738,16.40538216,78.21363715,96.93087006,3.475082246,4756.4,,,18.78049699,1770005.5,1.165879632,0.258707371,23928.50781,0.907172261,83906.6875,12.69706198,55.57004467,5237310.0
102,CHN,China,2001,3514.934,3186.14,2.2,75.782,-328.794,2.706,2.452,13.81,78398.967,7.32,0.555,0.503,0.282,2428.857,270.828,,67.158,659.301,88.79,0.208,1.87,,0.052,0.507,0.068,-9.35,36.21,26.8,,1.4,6.36,42.0,2991.916,61038.28,,974.499,11241.877,2121.782,15.7,11.43,,0.77,2.99,50.05,4452.29,3.427,825.12,0.635,387.54,0.298,1299129747.0,6329737195923.64,12456.115,9588.043,2.232,37.093,471767321.0,4.059565758,1271850000.0,0.726380638,,,0.084,34.2,,0.964619994,13.98346135,,,,,,,,17.79221913,,,,,,,,,23.93396647,388460.0,3.42016501,824170.0,,32.18471457,4791440.0,28.82602134,-234498.5,68.92587507,2430843.299,0.746949523,0.863838343,2.772929198,18.70957624,659839.98,3526750.0,1.175185009,1.905789835,67212.443,2.9854598,928.8114337,1076.549121,250.1958067,28.33499908,0.225125916,3334000000.0,18.95851917,3.276075003,1.179784044,0.333164748,18.73339325,76.25245704,97.21321869,3.51300212,4802.2,,,19.03100674,1793615.33,,,,,,12.75985887,55.63284065,5243228.444
103,CHN,China,2002,3872.595,3424.304,10.18,357.662,-448.291,2.962,2.619,14.87,82271.562,7.5,0.568,0.502,0.285,2778.77,296.59,,53.993,653.086,90.156,0.227,2.126,,0.041,0.5,0.069,-11.58,37.6,29.39,,1.1,6.3,41.97,3288.506,63817.05,,1028.492,11894.963,2211.938,16.57,11.74,,0.78,3.08,49.66,4762.98,3.643,820.8,0.628,406.66,0.311,1307352256.0,6814493761716.04,13567.957,10378.197,2.221,38.425,491993700.0,4.198001148,1280400000.0,0.669999568,31.7,6.8,,31.5,,,13.30148771,,,,,,19.62957696,552.18,18.2966462,,,,,,,,,23.93396647,406210.0,6.773460778,819890.0,,40.6465907,5100860.0,78.87680996,-235030.5938,73.02532779,2781045.466,0.73908187,0.841430066,2.974328335,17.16292307,653620.748,3808330.0,1.162806733,1.418913592,54036.912,3.020203061,984.8107146,1194.856295,244.7126419,26.97839928,0.209592277,3467000000.0,17.6186279,3.065234161,1.519015043,0.25354197,17.40903562,77.54358093,97.4872818,3.609099885,4873.5,645.0,,19.28151688,1817225.16,,,,,,12.8014352,55.69563782,5249146.889
104,CHN,China,2003,4545.014,3831.083,17.36,672.419,-713.931,3.456,2.913,16.61,86816.576,7.72,0.627,0.528,0.288,3319.28,345.186,,60.745,727.099,92.704,0.262,2.524,,0.046,0.553,0.07,-15.71,40.72,32.38,,1.19,6.82,42.25,3633.692,67136.33,,1089.238,12622.062,2304.642,17.56,12.12,,0.8,3.18,49.31,5385.87,4.095,820.66,0.624,410.2,0.312,1315303522.0,7248622636565.2,15798.685,12011.433,2.405,39.776,512473984.0,4.078403526,1288400000.0,0.622860936,,,0.668,28.8,,,12.34899897,,,,,,,,18.82801676,,,,,,,,,24.42839842,407630.0,12.74645741,815910.0,,59.96614779,5717660.0,221.3417312,-266620.4063,75.27241835,3321997.639,0.778356608,0.869987088,3.425411363,16.48866263,727694.148,4413300.0,1.224598168,1.377544989,60795.193,3.062691392,1118.431773,1379.484632,254.1413772,23.84149933,0.190500614,3640000000.0,15.03704033,2.869284654,2.268318021,0.269788644,14.84653972,79.55556835,97.75187683,3.48740331,4875.8,,9.016651015,19.53202806,1840834.99,,,,,,12.82115475,55.75833183,5255055.333
105,CHN,China,2004,5223.755,4324.427,14.93,678.741,-899.328,3.948,3.268,18.25,92040.331,7.99,0.667,0.552,0.283,3835.288,379.992,,71.521,839.093,97.86,0.287,2.899,,0.054,0.634,0.074,-17.22,41.9,35.2,,1.36,7.62,42.53,4013.684,70971.618,,1160.759,13461.155,2402.502,18.58,12.56,,0.82,3.3,48.99,6132.26,4.635,832.66,0.629,421.54,0.319,1323084639.0,7830953031578.61,18484.936,13971.087,2.56,41.144,533257098.0,3.97537213,1296075000.0,0.593932815,,,0.676,26.3,,,12.91664817,,,,,,,,19.38526837,,,,,,,,,32.35843129,420330.0,23.0492374,829700.0,,82.82137879,6467060.0,187.0923328,-262726.5,74.94252216,3838428.583,0.820350185,0.892885893,3.951800629,16.39608636,839779.67,5121830.0,1.290667187,1.397544237,71579.84,3.116235385,1268.132904,1585.838782,263.2503916,20.16080093,0.178624753,3936000000.0,16.22326642,2.974083981,2.290399555,0.338551996,16.04464167,78.17369805,98.00583649,3.483641114,5189.8,,,19.78253654,1864444.82,,,,,,12.84087253,55.82048764,5260913.778
106,CHN,China,2005,5876.555,4754.123,12.5,652.801,-1122.432,4.416,3.572,19.85,97916.886,8.28,0.683,0.553,0.28,4424.39,411.649,,84.957,850.173,105.387,0.309,3.325,,0.064,0.639,0.079,-19.1,42.87,38.24,,1.58,7.66,43.72,4425.333,75396.008,,1245.716,14311.327,2507.889,19.61,13.08,,0.85,3.41,48.74,6856.61,5.152,839.32,0.631,428.86,0.322,1330776380.0,8602939916574.9,21000.495,15780.637,2.552,42.522,554367818.0,3.882472976,1303720000.0,0.58812499,18.5,4.5,0.698,24.0,,,11.6414956,,,,,,,,19.96228124,,,,,,,29000.7,10562.8,35.27494241,428090.0,30.57104365,837670.0,146690.0,100.4671666,7194480.0,230.7913516,-255787.5,76.09419483,4428012.51,0.836695297,0.88316613,4.463473752,14.62194761,850868.678,5819120.0,1.316383155,1.461161292,85026.729,3.202627207,1393.691324,1782.312153,261.2527911,17.44079971,0.297304582,7434000000.0,16.17502498,2.020143445,2.12312425,0.485589486,15.87772039,79.19611784,98.2481308,4.554254034,5225.6,,,20.03304816,1888054.65,,,,,,12.86695861,55.88318285,5266822.222
107,CHN,China,2006,6488.804,5052.366,10.42,612.248,-1436.438,4.848,3.775,21.22,104405.69,8.61,0.684,0.532,0.282,4905.374,470.087,,103.753,898.534,111.056,0.351,3.665,,0.078,0.671,0.083,-22.14,44.88,40.13,,1.88,8.02,44.1,4895.42,80301.383,,1349.469,15209.861,2618.945,20.73,13.64,,0.89,3.53,48.53,7483.96,5.592,884.55,0.661,440.42,0.329,1338408644.0,9489543138171.92,23022.389,17201.311,2.544,43.868,575118254.0,3.674728093,1311020000.0,0.558374367,,,0.725,21.9,91.6324234,0.98803997,10.62576053,,,,,,,,20.56777151,,,,,,,,,40.65997104,439850.0,36.94820584,883360.0,,120.2443062,7879330.0,287.5876779,-317003.3125,76.32865822,4909390.601,0.820437138,0.84056768,4.906034996,13.98137429,899269.411,6431910.0,1.290803992,1.614426181,103838.439,3.237935735,1515.173678,2039.01466,253.3827739,16.38509941,0.387166019,11096000000.0,15.59278342,1.323014954,1.913603638,0.831101965,15.2056174,80.33949603,98.48129272,4.508579016,5315.5,,10.22090936,20.28355789,1911664.48,,,,,,12.90301725,55.94576662,5272720.667
108,CHN,China,2007,6978.612,5481.465,7.55,489.808,-1497.147,5.185,4.072,22.16,111384.302,8.95,0.674,0.529,0.279,5289.904,514.981,,129.515,927.351,116.861,0.383,3.93,,0.096,0.689,0.087,-21.45,45.87,41.29,,2.27,8.25,45.11,5410.4,85591.286,,1478.985,16137.212,2735.806,21.87,14.23,,0.94,3.65,48.37,8102.46,6.02,923.61,0.686,449.38,0.334,1345993891.0,10358205936544.4,25024.414,18591.773,2.548,45.199,595670841.0,3.511255552,1317885000.0,0.522271866,,,0.702,20.1,93.34789276,0.991550028,10.24616576,,,,,,20.21685034,568.7,21.20194175,,,,,,,,,44.56079328,448440.0,42.0155176,921560.0,,134.3901334,8497040.0,260.4647343,-386950.0,71.24770038,4978938.923,0.780347152,0.778579222,5.302594688,12.9425258,904450.882,6988210.0,1.227729916,1.938025775,135433.311,3.252784275,1630.171029,2325.926769,239.9012925,14.88370037,0.476782488,15647000000.0,15.26334714,0.856057213,1.893174152,1.033186158,14.78656465,80.95423534,98.71140289,4.40096483,5319.8,645.0,,20.53406803,1935274.31,,,,,,12.89663449,56.00835158,5278619.111
109,CHN,China,2008,7496.832,5978.994,7.43,518.22,-1517.839,5.539,4.417,23.38,118881.134,9.31,0.694,0.554,0.289,5729.474,525.924,,149.674,970.117,121.642,0.388,4.233,,0.111,0.717,0.09,-20.25,46.18,43.29,,2.55,8.66,46.94,5936.325,91320.76,,1628.659,17107.329,2857.448,22.94,14.86,,0.99,3.78,48.31,8396.81,6.203,978.94,0.723,467.02,0.345,1353569480.0,10799148330075.5,25956.957,19176.678,2.545,46.539,616481190.0,3.433957689,1324655000.0,0.512386932,14.9,3.8,0.703,18.5,99.27693939,0.996969998,10.16904785,,,,,,,,21.86338398,,,,,,,44726.2,13500.6,47.61297725,464100.0,51.16578655,973580.0,152999.0,157.4585442,8786120.0,293.9691096,-344264.0,79.69641331,5734164.907,0.732726636,0.71711771,5.431610495,13.49423545,970911.59,7195010.0,1.152807963,2.081956106,149796.95,3.246815182,1672.90412,2446.369055,225.6754989,14.13780022,0.8595734,29803000000.0,17.73744406,0.542486196,1.972608903,0.996947091,16.87787066,78.75051375,98.94470215,3.73363489,5549.2,,,20.78457818,1958884.14,,,,,,12.92261352,56.07093654,5284517.556
110,CHN,China,2009,7886.533,6729.098,5.2,389.701,-1157.435,5.794,4.944,24.95,126767.667,9.69,0.682,0.582,0.291,6028.5,583.56,,164.404,982.348,127.721,0.429,4.429,,0.121,0.722,0.094,-14.68,49.86,46.13,,2.85,8.93,52.66,6519.885,97349.26,,1793.063,18089.677,2985.169,24.11,15.51,,1.06,3.9,48.48,8989.4,6.604,1026.0,0.754,478.86,0.352,1361169410.0,11572543696066.6,27089.785,19901.852,2.441,47.88,637407288.0,3.338102468,1331260000.0,0.497381401,,3.4,0.83,17.1,98.29463196,1.003350019,9.636185514,,,,,,,,22.55125881,,,,7.950971475,,,,,55.01397704,475600.0,55.64307559,1018910.0,,172.7498305,9377660.0,295.6555547,-335582.0,72.76236662,5613696.623,0.718191791,0.697574534,5.79534426,12.34323595,952294.231,7715110.0,1.129940111,2.228306453,171916.294,3.258679169,1778.433519,2612.45662,220.3935257,13.43190002,1.292334096,48011000000.0,17.8637982,0.326347266,1.887829029,1.539355612,16.5714641,78.38266989,99.18741608,2.568888291,5449.9,,,21.03508722,1982493.97,,,,,,12.94296832,56.1332002,5290386.0
111,CHN,China,2010,8616.653,7297.77,9.26,730.12,-1318.883,6.295,5.332,25.84,135384.319,10.09,0.67,0.568,0.298,6568.794,639.592,,199.585,1092.572,116.11,0.467,4.799,,0.146,0.798,0.085,-15.31,51.26,47.02,,3.22,9.66,47.37,7159.477,103918.054,,1992.648,19182.249,3101.279,25.31,16.19,,1.13,4.04,48.44,9788.64,7.151,1077.21,0.787,493.22,0.36,1368810604.0,12858807596962.2,28967.802,21162.747,2.299,49.226,658498663.0,3.255365494,1337705000.0,0.482959689,11.2,3.4,0.81,15.8,,0.988950014,9.325176941,,,,,,,,23.27010133,6.553332482,4.203002079,2.350330403,,,,57054.0,8438.0,61.63736194,486770.0,61.49511756,1063830.0,183870.0,187.3039783,10203820.0,306.1403514,-285418.0,77.61191904,6574171.931,0.712713509,0.684279943,6.332165911,12.90900609,1093466.397,8470570.0,1.121321061,2.358150915,199748.824,3.239419267,1954.722556,2943.589954,220.01274,12.26130009,1.673852403,70255000000.0,18.62282605,0.353949915,1.760219422,1.859881006,16.94897365,77.18719414,99.7,4.0035629,5526.1,,,21.2855969,2006103.8,1.165879632,0.258707371,23928.50781,0.907172261,83906.6875,12.87784131,56.12027552,5289168.0
112,CHN,China,2011,9528.556,8063.335,10.58,911.903,-1465.221,6.922,5.858,27.64,144912.875,10.53,0.697,0.59,0.305,7309.786,708.564,,245.99,1123.859,140.356,0.515,5.31,,0.179,0.816,0.102,-15.38,52.75,49.45,,3.86,9.91,51.13,7868.041,111227.84,,2238.638,20306.107,3241.636,26.55,16.94,,1.23,4.17,48.55,10781.3,7.832,1121.71,0.815,499.85,0.363,1376497633.0,13673158858296.0,31261.361,22710.792,2.282,50.511,678933504.0,3.05606997,1344130000.0,0.479150454,7.9,,0.831,14.6,,0.992420018,9.177653795,,,,,,,,23.87309725,,,,,,,,,67.05221356,493000.0,66.90508204,1106190.0,,209.9220846,11074550.0,306.1403514,-301112.0,78.848612,7315771.343,0.712611365,0.670182408,6.902792141,12.12274847,1124778.91,9278250.0,1.121160356,2.653424719,246191.379,3.308332359,2086.486904,3298.003913,215.3989646,11.33819962,2.137640198,100573000000.0,16.76177043,0.257818456,1.835335837,2.039061303,14.62413023,78.87712304,99.85722351,3.708828902,5709.4,,10.20675379,21.49109623,2025471.54,,,,,,12.80041683,56.11691083,5288851.0
113,CHN,China,2012,9775.622,8367.184,2.59,247.066,-1408.437,7.062,6.045,27.95,154688.497,10.97,0.681,0.583,0.301,7464.806,714.782,,277.599,1176.712,141.722,0.516,5.393,,0.2,0.85,0.102,-14.41,51.88,49.93,,4.27,10.23,51.45,8582.823,118692.646,,2516.237,21482.819,3383.358,27.68,17.68,,1.33,4.31,48.66,11106.42,8.024,1166.63,0.843,510.88,0.369,1384206408.0,14358127033560.0,32512.623,23488.285,2.274,51.765,699187267.0,2.939542285,1350695000.0,0.487231118,6.5,,,13.5,,0.997179985,9.11371387,,,,,,21.28688233,598.8,24.41937847,,,,,,,,,72.46706519,503970.0,72.31516453,1151100.0,,219.9524772,11399830.0,306.1403514,-228593.0,78.36729125,7470918.446,0.678813348,0.630314121,7.058003472,12.35339812,1177675.385,9533210.0,1.067985514,2.914302612,277826.588,3.274925199,2155.164788,3474.988062,207.2759854,11.53670025,2.657514988,132470000000.0,19.96624894,0.21940999,1.953846265,1.981570925,17.30873395,75.65891205,99.96487427,2.827090556,5827.1,645.0,,21.69659602,2044839.28,,,,,,12.72820233,56.10782831,5287995.0
114,CHN,China,2013,9952.744,8599.146,1.81,177.122,-1353.597,7.151,6.178,28.21,164641.241,11.39,0.65,0.562,0.295,7493.454,748.323,,320.127,1234.622,156.217,0.538,5.384,,0.23,0.887,0.112,-13.6,52.01,49.81,,4.89,10.66,53.28,9331.146,126186.101,,2836.365,22717.441,3539.575,28.75,18.38,,1.45,4.46,48.85,11570.95,8.313,1195.91,0.859,524.1,0.377,1391883335.0,15304426254912.0,33715.209,24222.732,2.248,53.013,719587859.0,2.87600167,1357380000.0,0.493709634,1.9,2.4,,12.5,,1.006090045,8.942893962,,,,,,,,24.97828766,,,,,,,,,,515990.0,,1178020.0,,,11854530.0,,-246268.0,75.47377043,7499587.052,0.656553543,0.613941373,7.320485052,12.43506201,1235632.32,9936680.0,1.032963886,3.224310907,320389.457,3.306811614,2213.759327,3773.405384,198.5457957,11.52200031,3.564878351,193807000000.0,20.29622738,0.184178729,2.053005141,1.961219277,16.73134903,75.27906857,99.99700928,3.039875469,5894.1,,,21.90209487,2064207.02,,,,,,12.70719317,56.10803814,5288015.0
115,CHN,China,2014,9985.583,8697.497,0.33,32.84,-1288.086,7.135,6.215,28.1,174626.824,11.79,0.616,0.536,0.289,7425.069,778.627,,353.591,1263.073,165.223,0.556,5.306,,0.253,0.902,0.118,-12.9,52.12,49.29,,5.31,10.86,54.38,10109.773,133611.17,,3189.956,23980.514,3704.798,29.78,19.04,,1.58,4.6,49.07,11592.12,8.283,1225.98,0.876,536.93,0.384,1399453966.0,16220856758000.0,34499.453,24652.082,2.17,54.259,740239259.0,2.829482685,1364270000.0,0.506311592,1.4,,,11.6,,1.00948,8.643491396,,,,,,,,25.54668335,,,,,,,,,,528020.0,,1206210.0,,,11865310.0,,-415197.0,75.10046715,7431146.164,0.60860226,0.577932351,7.252919144,12.77528287,1264106.575,9894940.0,0.957521533,3.576375077,353880.168,3.242644147,2236.729908,3927.0445,187.6870333,12.06140041,4.056659804,229840000000.0,22.60915378,0.167974379,2.33928636,2.021005181,18.55249398,72.63390781,100.0,2.559233447,5893.2,,,22.10759465,2083574.76,,,,,,12.69589308,56.09673805,5286950.0
116,CHN,China,2015,9848.42,8680.58,-1.37,-137.164,-1167.839,7.0,6.17,27.74,184475.244,12.16,0.589,0.52,0.283,7266.979,721.995,,366.649,1327.578,165.219,0.513,5.165,,0.261,0.944,0.117,-11.86,50.23,49.37,,5.4,11.17,54.8,10831.768,140878.149,,3556.605,25308.092,3870.017,30.61,19.67,,1.7,4.75,49.29,11584.22,8.234,1258.21,0.894,552.98,0.393,1406847868.0,16710945546908.0,34826.942,24755.298,2.124,55.5,761027100.0,2.769551135,1371220000.0,0.508136747,0.7,,,10.7,,1.01157999,8.387014882,,,,,,,,26.12622161,,,,,,,,,,542900.0,,1237520.0,,,11859290.0,,-382872.0,73.98380452,7272926.115,0.564860777,0.55237228,7.169112177,13.51582901,1328664.11,9830430.0,0.888702511,3.732790488,366949.356,,,,,12.24530029,4.857004208,283851000000.0,23.92681717,0.165618383,,2.487030638,19.06981297,70.30942695,100.0,2.192181603,5896.3,,,22.31309418,2102942.5,,,,,,12.68935693,56.09020144,5286334.0
117,CHN,China,2016,9720.444,8700.417,-1.3,-127.976,-1020.027,6.874,6.153,27.42,194195.688,12.51,0.563,0.504,0.276,7071.406,743.044,,402.762,1335.304,167.928,0.526,5.001,,0.285,0.944,0.119,-10.49,50.25,49.24,,5.78,11.17,56.19,11574.812,147949.555,,3959.366,26643.396,4037.945,31.4,20.25,,1.84,4.89,49.55,11576.87,8.187,1264.91,0.895,556.98,0.394,1414049353.0,17255473242506.0,35264.122,24938.401,2.087,56.736,782199374.0,2.744069375,1378665000.0,0.541478512,0.5,,,9.9,,1.010139942,8.057287535,,,15.93928031,3.766775077,17.08,,,26.70102694,,,,,,,,,,546990.0,,1242150.0,,,11857180.0,,-364711.4375,70.8318049,6951652.911,0.527787597,0.524490144,7.118705414,13.61682903,1336397.813,9814310.0,0.830374815,4.107179292,403091.308,,,,,12.58969975,,,,,,,,,100.0,1.55564215,5979.5,,,22.5428773,2124598.67,,,,,,12.68081675,56.08166541,5285529.0
118,CHN,China,2017,9920.459,8888.677,2.06,200.015,-1031.782,6.981,6.255,27.61,204116.147,12.85,0.564,0.506,0.273,7137.264,758.185,,464.452,1390.825,169.733,0.534,5.023,,0.327,0.979,0.119,-10.4,50.53,49.38,,6.53,11.47,56.41,12332.997,155086.819,,4423.819,28034.221,4207.678,32.15,20.81,,1.99,5.03,49.79,,,,,,,1421021794.0,17575081415360.1,36342.177,25574.677,,57.96,803554542.0,2.693540138,1386395000.0,0.559121331,,,,9.2,,1.013219953,7.463565017,,,14.58764165,5.406831896,15.44904196,21.03803768,591.8,27.27140635,,,,,,,,,,542100.0,,1239130.0,,,12058050.0,,,,,0.503733742,0.503733742,7.225768991,,,10017770.0,0.792530585,,,,,,,12.86359978,,,,,,,,,100.0,1.349132679,6028.6,645.0,,22.74231029,2143394.7,,,,,,12.67850328,56.07935055,5285311.0
119,CHN,China,2018,10289.99,9285.067,3.72,369.53,-1004.922,7.208,6.504,28.08,214406.137,13.19,0.567,0.511,0.273,7316.4,786.745,,519.834,1495.473,171.539,0.551,5.125,,0.364,1.048,0.12,-9.77,50.22,49.71,,6.97,12.27,56.91,13119.742,162403.219,,4943.652,29529.693,4379.217,32.86,21.37,,2.15,5.19,50.04,,,,,,,1427647789.0,18151620437216.0,37714.113,26416.955,,59.152,823827650.0,2.491628201,1392730000.0,0.455899679,,,,8.5,,1.014310002,7.043020253,,,14.58764165,5.406831896,15.44904196,,,27.88756177,,,,,,,,,,538790.0,,1238630.0,,,12355240.0,,,,,0.485811075,0.474420333,7.405211347,,,10313460.0,0.764332629,,,,,,,13.12380028,,,,,,,,,100.0,1.693905294,6081.4,,,22.94173538,2162190.4,,,,,,12.6782458,56.07908341,5285287.0
120,CHN,China,2019,10489.989,9442.835,1.94,199.999,-1047.154,7.316,6.586,28.58,224896.125,13.53,,,0.266,7377.67,826.876,,564.602,1543.584,177.257,0.577,5.146,,0.394,1.077,0.124,-9.98,51.41,50.62,,7.47,12.62,58.47,13946.618,169780.889,,5508.254,31073.277,4556.474,33.58,21.92,,2.32,5.34,50.32,,,,,,,1433783692.0,,39360.925,27452.478,,60.308,842933962.0,2.292727263,1397715000.0,0.357291063,,,,7.9,,1.015290022,7.143691248,,31.0,,,,,,28.54488333,,,,,,,,,,,,,,,,,,,,,,,,,,,,,,,,,,,,,,,,,,100.0,1.310718781,,,,23.14116554,2180986.1,,,,,,,,
121,CHN,China,2020,10667.887,,1.7,177.899,,7.412,,30.65,235564.013,13.89,,,,7421.101,858.233,,605.254,1611.762,171.539,0.596,5.156,,0.42,1.12,0.119,,52.77,53.1,,8.18,14.56,57.61,14804.851,177201.99,,6113.508,32685.039,4728.013,34.3,22.48,,2.49,5.52,50.55,,,,,,,1439323774.0,,,,,61.428,861289359.0,2.15419031,1402112000.0,0.314091093,,,,,,1.012869954,7.653066548,,,,,,,,29.22112199,,,,,,,,,,,,,,,,,,,,,,,,,,,,,,,,,,,,,,,,,,,,,,,23.3405957,2199781.8,,,,,,,,
